"id","nome_interno","nome_paciente","modalidade","regiao","contraste","lado","detalhe","convenio","exibir","revisar"
"1","ATO DE COLETA DE PAAF ORG. E ESTRUT.","Biópsia / Punção","BIOPSIA","","","","PAAF (agulha fina)","","SIM",""
"2","BIOPSIA","Biópsia / Punção","BIOPSIA","","","","","","SIM",""
"3","BIOPSIA DE RIM/ FIGADO + TX SALA 4H","Biópsia / Punção","BIOPSIA","","","","","","SIM",""
"4","BIOPSIA PAAF","Biópsia / Punção","BIOPSIA","","","","PAAF (agulha fina)","","SIM",""
"5","BIOPSIA PAAF 1 NODULO","Biópsia / Punção","BIOPSIA","","","","1 nódulo, PAAF (agulha fina)","","SIM",""
"6","BIOPSIA PAAF 2 NODULOS","Biópsia / Punção","BIOPSIA","","","","2 nódulos, PAAF (agulha fina)","","SIM",""
"7","BIOPSIA PAAF 3 NODULOS","Biópsia / Punção","BIOPSIA","","","","3 nódulos, PAAF (agulha fina)","","SIM",""
"8","CORE BIOPSY 1 NODULO (PACOTE)","Biópsia / Punção","BIOPSIA","","","","1 nódulo, core biopsy","","SIM",""
"9","CORE BIOPSY 2 NODULOS","Biópsia / Punção","BIOPSIA","","","","2 nódulos, core biopsy","","SIM",""
"10","CORE BIOPSY 3 NODULOS","Biópsia / Punção","BIOPSIA","","","","3 nódulos, core biopsy","","SIM",""
"11","PUNCAO ASP. ORIENTADA POR TC (ACRESCENTAR EXAME DE BASE)","Biópsia / Punção","BIOPSIA","","","","guiada por tomografia","","SIM",""
"12","PUNCAO ASPITATIVA ORIENTADA POR ECO","Biópsia / Punção","BIOPSIA","","","","guiada por ultrassom","","SIM",""
"13","CORE BIOPSY (ACRESCENTAR US MAMAS)","Biópsia / Punção de Mamas","BIOPSIA","Mamas","","","core biopsy","","SIM",""
"14","CORE BIOPSY 1 NODULO (ACRESCENTAR US MAMAS)","Biópsia / Punção de Mamas","BIOPSIA","Mamas","","","1 nódulo, core biopsy","","SIM",""
"15","PUNCAO ASP. MAMA GUIADA POR US (ACRESCENTAR EX. DE BASE)","Biópsia / Punção de Mamas","BIOPSIA","Mamas","","","guiada por ultrassom","","SIM",""
"16","PUNCAO DE MAMA (NÃO ACRESCENTAR ECOGRAFIA)","Biópsia / Punção de Mamas","BIOPSIA","Mamas","","","","","SIM",""
"17","PUNCAO OU BIOPSIA MAMA-UNIMED","Biópsia / Punção de Mamas","BIOPSIA","Mamas","","","","UNIMED","SIM",""
"18","PUNCAO OU BIOPSIA MAMARIA (ACRESCENTAR ECO)","Biópsia / Punção de Mamas","BIOPSIA","Mamas","","","","","SIM",""
"19","PUNCAO OU BIOPSIA MAMARIA PERICUTANEA POR AGULHA FINA","Biópsia / Punção de Mamas","BIOPSIA","Mamas","","","PAAF (agulha fina)","","SIM",""
"20","BIOPSIA PROST TRANSPERINEAL + TAXA SALA","Biópsia / Punção de Períneo","BIOPSIA","Períneo","","","transperineal","","SIM",""
"21","BIOPSIA DE PROSTATA + TAXA SALA","Biópsia / Punção de Próstata","BIOPSIA","Próstata","","","","","SIM",""
"22","BIOPSIA DE PROSTATA POR FUSÃO","Biópsia / Punção de Próstata","BIOPSIA","Próstata","","","por fusão","","SIM",""
"23","BIOPSIA PROSTATA","Biópsia / Punção de Próstata","BIOPSIA","Próstata","","","","","SIM",""
"24","PROSTATA TRANSRETAL COM BIOPSIA","Biópsia / Punção de Próstata","BIOPSIA","Próstata","","","transretal","","SIM",""
"25","PROSTATA TRANSRETAL COM BIOPSIA + 8 FRAG","Biópsia / Punção de Próstata","BIOPSIA","Próstata","","","transretal","","SIM",""
"26","PROSTATA TRANSRETAL COM BIOPSIA ATE 8 FRAG","Biópsia / Punção de Próstata","BIOPSIA","Próstata","","","transretal","","SIM",""
"27","PUNCAO DE PROSTATA (ACRESCENTAR ECOGRAFIA)","Biópsia / Punção de Próstata","BIOPSIA","Próstata","","","","","SIM",""
"28","PUNCAO DE TIREOIDE (ACRESCENTAR ECOGRAFIA)","Biópsia / Punção de Tireoide","BIOPSIA","Tireoide","","","","","SIM",""
"29","PUNCAO OU BIOPSIA TIREOIDE UNIMED","Biópsia / Punção de Tireoide","BIOPSIA","Tireoide","","","","UNIMED","SIM",""
"30","BIOPSIA DE TORAX","Biópsia / Punção de Tórax","BIOPSIA","Tórax","","","","","SIM",""
"31","PUNCAO DE TORAX REALIZADA POR TC","Biópsia / Punção de Tórax","BIOPSIA","Tórax","","","guiada por tomografia","","SIM",""
"32","PUNÇAO ASP.ORGAO OU ESTRUTURA P/US (INCLUIR US)","Biópsia / Punção de Vasos / Órgãos","BIOPSIA","Vasos / Órgãos","","","guiada por ultrassom","","SIM",""
"33","PUNÇÃO ASP. ORGAOS OU ESTRUTURA P/US - INCLUIR EX. BASE","Biópsia / Punção de Vasos / Órgãos","BIOPSIA","Vasos / Órgãos","","","guiada por ultrassom","","SIM",""
"34","DENSITOMETRIA OSSEA 1 SEG","Densitometria Óssea","DENSITOMETRIA","","","","1 segmento","","SIM",""
"35","DENSITOMETRIA OSSEA 2 SEG","Densitometria Óssea","DENSITOMETRIA","","","","2 segmentos","","SIM",""
"36","DO (1) - (DENSITOMETRIA OSSEA) - COLUNA LOMBAR","Densitometria Óssea","DENSITOMETRIA","Coluna Lombar","","","","","SIM",""
"37","DO (1) - (DENSITOMETRIA OSSEA) - FEMUR","Densitometria Óssea","DENSITOMETRIA","Coxa","","","","","SIM",""
"38","DO (2) - (DENSITOMETRIA OSSEA) - COLUNA LOMBAR E FEMUR","Densitometria Óssea","DENSITOMETRIA","Coluna Lombar","","","","","SIM",""
"39","DENSITOMETRIA AVALIAÇÃO CORPORAL","Densitometria Óssea Corpo Inteiro","DENSITOMETRIA","Corpo Inteiro","","","","","SIM",""
"40","DENSITOMETRIA CORPO INTEIRO","Densitometria Óssea Corpo Inteiro","DENSITOMETRIA","Corpo Inteiro","","","","","SIM",""
"41","ABDOME INFERIOR FEMININO","ECO Abdome Inferior (Pelve)","ECO","Abdome Inferior (Pelve)","","","feminino","","SIM",""
"42","ABDOME INFERIOR MASCULINO","ECO Abdome Inferior (Pelve)","ECO","Abdome Inferior (Pelve)","","","masculino","","SIM",""
"43","ECO ABDOME INFERIOR FEMININO - (BEXIGA, ÚTERO, OVÁRIO E ANEXOS)","ECO Abdome Inferior (Pelve)","ECO","Abdome Inferior (Pelve)","","","feminino","","SIM",""
"44","ABDOMINAL SUPERIOR","ECO Abdome Superior","ECO","Abdome Superior","","","","","SIM",""
"45","ABDOMINAL TOTAL","ECO Abdome Total","ECO","Abdome Total","","","","","SIM",""
"46","ECO ABDOMEN TOTAL (ABDOMEN SUPERIOR, RINS, PERITONIO E BEXIGA, PELVE)","ECO Abdome Total","ECO","Abdome Total","","","","","SIM",""
"47","ECO ABDOMEN TOTAL PESQUISA DE REFLUXO (ABDOMEN SUPERIOR, RINS, PERITONIO E BEXIGA, PELVE)","ECO Abdome Total","ECO","Abdome Total","","","pesquisa de refluxo","","SIM",""
"48","ECO ANTEBRAÇO DIREITO","ECO Antebraço","ECO","Antebraço","","DIREITO","","","SIM",""
"49","ECO ANTEBRAÇO ESQUERDO","ECO Antebraço","ECO","Antebraço","","ESQUERDO","","","SIM",""
"50","APARELHO URINARIO","ECO Aparelho Urinário (Rins)","ECO","Aparelho Urinário (Rins)","","","","","SIM",""
"51","APARELHO URINARIO FEMININO","ECO Aparelho Urinário (Rins)","ECO","Aparelho Urinário (Rins)","","","feminino","","SIM",""
"52","APARELHO URINARIO MASCFEM","ECO Aparelho Urinário (Rins)","ECO","Aparelho Urinário (Rins)","","","","","SIM",""
"53","APARELHO URINARIO MASCFEMUNIMED","ECO Aparelho Urinário (Rins)","ECO","Aparelho Urinário (Rins)","","","","","SIM",""
"54","APARELHO URINARIO MASCULINO","ECO Aparelho Urinário (Rins)","ECO","Aparelho Urinário (Rins)","","","masculino","","SIM",""
"55","ECO APARELHO URINARIO (RINS, URETERES E BEXIGA)","ECO Aparelho Urinário (Rins)","ECO","Aparelho Urinário (Rins)","","","","","SIM",""
"56","ECO APARELHO URINARIO FEMININO (RINS, URETERES E BEXIGA)","ECO Aparelho Urinário (Rins)","ECO","Aparelho Urinário (Rins)","","","feminino","","SIM",""
"57","ECO APARELHO URINARIO MASCULINO (RINS, URETERES, BEXIGA E PROSTATA)","ECO Aparelho Urinário (Rins)","ECO","Aparelho Urinário (Rins)","","","masculino","","SIM",""
"58","ARTICULACOES","ECO Articulação","ECO","Articulação","","","","","SIM",""
"59","ECO REGIAO AXILAR BILATERAL","ECO Axilas","ECO","Axilas","","BILATERAL","","","SIM",""
"60","ECO REGIAO AXILAR DIREITA","ECO Axilas","ECO","Axilas","","DIREITO","","","SIM",""
"61","ECO REGIAO AXILAR ESQUERDA","ECO Axilas","ECO","Axilas","","ESQUERDO","","","SIM",""
"62","ESTRUTURAS SUPERFICIAIS CERV AXILAS MUSC TENDAO","ECO Axilas","ECO","Axilas","","","","","SIM",""
"63","BOLSA ESCROTAL","ECO Bolsa Escrotal (Testículos)","ECO","Bolsa Escrotal (Testículos)","","","","","SIM",""
"64","ECO BOLSA ESCROTAL (TESTICULAR)","ECO Bolsa Escrotal (Testículos)","ECO","Bolsa Escrotal (Testículos)","","","","","SIM",""
"65","ECO BRAÇO DIREITO","ECO Braço","ECO","Braço","","DIREITO","","","SIM",""
"66","ECO BRAÇO ESQUERDO","ECO Braço","ECO","Braço","","ESQUERDO","","","SIM",""
"67","ECO TRICEPS DIREITO","ECO Braço","ECO","Braço","","DIREITO","","","SIM",""
"68","ECO TRICEPS ESQUERDO","ECO Braço","ECO","Braço","","ESQUERDO","","","SIM",""
"69","ECO COTOVELO DIREITO (PARTES MOLES/MUSCULO)","ECO Cotovelo","ECO","Cotovelo","","DIREITO","","","SIM",""
"70","ECO COTOVELO ESQUERDO (PARTES MOLES/MUSCULO)","ECO Cotovelo","ECO","Cotovelo","","ESQUERDO","","","SIM",""
"71","ECO COURO CABELUDO","ECO Couro Cabeludo","ECO","Couro Cabeludo","","","","","SIM",""
"72","ECO COXA DIREITA (QUADRICEPS)","ECO Coxa","ECO","Coxa","","DIREITO","","","SIM",""
"73","ECO COXA ESQUERDA (QUADRICEPS)","ECO Coxa","ECO","Coxa","","ESQUERDO","","","SIM",""
"74","ECO REGIAO OCCIPITAL (POSTERIOR CRANIO / ACIMA NUCA)","ECO Crânio","ECO","Crânio","","","","","SIM",""
"75","CRANIANA","ECO Crânio (Transfontanela)","ECO","Crânio (Transfontanela)","","","","","SIM",""
"76","ECO CRANIO PARA CRIANÇA (CEREBRAL OU TRANSFONTANELAR)","ECO Crânio (Transfontanela)","ECO","Crânio (Transfontanela)","","","","","SIM",""
"77","ECOGRAFIA TRANSCRANIANA TRANSFONTANELA","ECO Crânio (Transfontanela)","ECO","Crânio (Transfontanela)","","","","","SIM",""
"78","ECO DEDO DIREITO (PARTES MOLES/MUSCULO)","ECO Dedo da Mão","ECO","Dedo da Mão","","DIREITO","","","SIM",""
"79","ECO DEDO ESQUERDO (PARTES MOLES/MUSCULO)","ECO Dedo da Mão","ECO","Dedo da Mão","","ESQUERDO","","","SIM",""
"80","ABDOMINAL SUPERIOR COM DOPPLER","ECO Doppler Abdome Superior","ECO","Abdome Superior","","","","","SIM",""
"81","ABDOMINAL TOTAL COM DOPPLER","ECO Doppler Abdome Total","ECO","Abdome Total","","","","","SIM",""
"82","ECODOPPLER ABDOMEN TOTAL (ABDOMEN SUPERIOR, RINS, PERITONIO, PELVE E BEXIGA)","ECO Doppler Abdome Total","ECO","Abdome Total","","","","","SIM",""
"83","ECODOPPLER ABDOMEN TOTAL E PELVE","ECO Doppler Abdome Total","ECO","Abdome Total","","","","","SIM",""
"84","ECODOPPLER ANTEBRAÇO DIREITO","ECO Doppler Antebraço","ECO","Antebraço","","DIREITO","","","SIM",""
"85","ECODOPPLER ANTEBRAÇO ESQUERDO","ECO Doppler Antebraço","ECO","Antebraço","","ESQUERDO","","","SIM",""
"86","DOPPLER COLORIDO AORTA E ARTERIAS RENAIS","ECO Doppler Aorta","ECO","Aorta","","","","","SIM",""
"87","DOPPLER COLORIDO DE AORTA E ILIACAS","ECO Doppler Aorta","ECO","Aorta","","","","","SIM",""
"88","DOPPLER DE AORTA COLORIDO","ECO Doppler Aorta","ECO","Aorta","","","","","SIM",""
"89","ECODOPPLER AORTA E ARTERIAS RENAIS","ECO Doppler Aorta","ECO","Aorta","","","","","SIM",""
"90","ECODOPPLER AORTA E ILIACAS","ECO Doppler Aorta","ECO","Aorta","","","","","SIM",""
"91","APARELHO URINARIO COM DOPPLER","ECO Doppler Aparelho Urinário (Rins)","ECO","Aparelho Urinário (Rins)","","","","","SIM",""
"92","ECODOPPLER APARELHO URINARIO FEMININO","ECO Doppler Aparelho Urinário (Rins)","ECO","Aparelho Urinário (Rins)","","","feminino","","SIM",""
"93","ECODOPPLER APARELHO URINARIO MASCULINO","ECO Doppler Aparelho Urinário (Rins)","ECO","Aparelho Urinário (Rins)","","","masculino","","SIM",""
"94","ARTICULACOES COM DOPPLER","ECO Doppler Articulação","ECO","Articulação","","","","","SIM",""
"95","DOPPLER COLORIDO DE ARTERIAS VISCERAIS","ECO Doppler Artérias Abdominais","ECO","Artérias Abdominais","","","","","SIM",""
"96","ECODOPPLER DAS ARTÉRIAS VISCERAIS (MESENTÉRICAS SUPERIOR E INFERIOR E TRONCO CELÍAC","ECO Doppler Artérias Abdominais","ECO","Artérias Abdominais","","","","","SIM",""
"97","ECODOPPLER REGIAO AXILAR (BILATERAL)","ECO Doppler Axilas","ECO","Axilas","","BILATERAL","","","SIM",""
"98","ECODOPPLER REGIAO AXILAR DIREITA","ECO Doppler Axilas","ECO","Axilas","","DIREITO","","","SIM",""
"99","ECODOPPLER REGIAO AXILAR ESQUERDA","ECO Doppler Axilas","ECO","Axilas","","ESQUERDO","","","SIM",""
"100","ECODOPPLER PELVICO (BEXIGA, ÚTERO, OVÁRIOS, ANEXOS)","ECO Doppler Bexiga","ECO","Bexiga","","","","","SIM",""
"101","BOLSA ESCROTAL C/ DOPPLER","ECO Doppler Bolsa Escrotal (Testículos)","ECO","Bolsa Escrotal (Testículos)","","","","","SIM",""
"102","ECODOPPLER BOLSA ESCROTAL (TESTICULAR)","ECO Doppler Bolsa Escrotal (Testículos)","ECO","Bolsa Escrotal (Testículos)","","","","","SIM",""
"103","ECODOPPLER BRAÇO DIREITO","ECO Doppler Braço","ECO","Braço","","DIREITO","","","SIM",""
"104","ECODOPPLER BRAÇO ESQUERDO","ECO Doppler Braço","ECO","Braço","","ESQUERDO","","","SIM",""
"105","DOPPLER COLORIDO ARTERIAL MEMBRO SUPERIOR UNILATERAL","ECO Doppler Braço (Membro Superior)","ECO","Braço (Membro Superior)","","UNILATERAL","arterial","","SIM",""
"106","DOPPLER COLORIDO VENOSO MEMBRO SUPERIOR UNILATERAL","ECO Doppler Braço (Membro Superior)","ECO","Braço (Membro Superior)","","UNILATERAL","venoso","","SIM",""
"107","ECODOPPLER ARTERIAL MEMBRO SUPERIOR DIREITO","ECO Doppler Braço (Membro Superior)","ECO","Braço (Membro Superior)","","DIREITO","arterial","","SIM",""
"108","ECODOPPLER ARTERIAL MEMBRO SUPERIOR ESQUERDO","ECO Doppler Braço (Membro Superior)","ECO","Braço (Membro Superior)","","ESQUERDO","arterial","","SIM",""
"109","ECODOPPLER VENOSO MEMBRO SUPERIOR DIREITO","ECO Doppler Braço (Membro Superior)","ECO","Braço (Membro Superior)","","DIREITO","venoso","","SIM",""
"110","ECODOPPLER VENOSO MEMBRO SUPERIOR ESQUERDO","ECO Doppler Braço (Membro Superior)","ECO","Braço (Membro Superior)","","ESQUERDO","venoso","","SIM",""
"111","DOPPLER CAROTIDAS COLORIDO","ECO Doppler Carótidas e Vertebrais","ECO","Carótidas e Vertebrais","","","","","SIM",""
"112","DOPPLER COLORIDO DE CAROTIDAS E VERTEBRAIS","ECO Doppler Carótidas e Vertebrais","ECO","Carótidas e Vertebrais","","","","","SIM",""
"113","DOPPLER COLORIDO DE VASOS CERVICAIS ARTERIAL BILATERAL","ECO Doppler Carótidas e Vertebrais","ECO","Carótidas e Vertebrais","","BILATERAL","arterial","","SIM",""
"114","DOPPLER COLORIDO VASOS CERVICAIS SUBCLAVIA E JUGULARES","ECO Doppler Carótidas e Vertebrais","ECO","Carótidas e Vertebrais","","","","","SIM",""
"115","DOPPLER DE CAROTIDAS(NAO INCLUI VERTEBRAIS)","ECO Doppler Carótidas e Vertebrais","ECO","Carótidas e Vertebrais","","","","","SIM",""
"116","DOPPLER VERTEBRAIS(NAO INCLUI CAROTIDAS)","ECO Doppler Carótidas e Vertebrais","ECO","Carótidas e Vertebrais","","","","","SIM",""
"117","ECODOPPLER CAROTIDAS E VERTEBRAIS (VASOS CERVICAIS)","ECO Doppler Carótidas e Vertebrais","ECO","Carótidas e Vertebrais","","","","","SIM",""
"118","ECODOPPLER SUBCLAVIAS E JUGULARES (VASOS CERVICAIS)","ECO Doppler Carótidas e Vertebrais","ECO","Carótidas e Vertebrais","","","","","SIM",""
"119","ECODOPPLER COTOVELO DIREITO (PARTES MOLES/MUSCULO)","ECO Doppler Cotovelo","ECO","Cotovelo","","DIREITO","","","SIM",""
"120","ECODOPPLER COTOVELO ESQUERDO (PARTES MOLES/MUSCULO)","ECO Doppler Cotovelo","ECO","Cotovelo","","ESQUERDO","","","SIM",""
"121","ECODOPPLER COURO CABELUDO","ECO Doppler Couro Cabeludo","ECO","Couro Cabeludo","","","","","SIM",""
"122","ECODOPPLER COXA DIREITA(QUADRICEPS)","ECO Doppler Coxa","ECO","Coxa","","DIREITO","","","SIM",""
"123","ECODOPPLER COXA ESQUERDA (CADRICEPS)","ECO Doppler Coxa","ECO","Coxa","","ESQUERDO","","","SIM",""
"124","CRANIANA COM DOPPLER","ECO Doppler Crânio (Transfontanela)","ECO","Crânio (Transfontanela)","","","","","SIM",""
"125","DOPPLER TRANSCRANIANO/TRANSFONTANELA","ECO Doppler Crânio (Transfontanela)","ECO","Crânio (Transfontanela)","","","","","SIM",""
"126","ECODOPPLER TRANSFONTANELA","ECO Doppler Crânio (Transfontanela)","ECO","Crânio (Transfontanela)","","","","","SIM",""
"127","ECODOPPLER FACE DIREITA","ECO Doppler Face / Seios da Face","ECO","Face / Seios da Face","","DIREITO","","","SIM",""
"128","ECODOPPLER FACE ESQUERDA","ECO Doppler Face / Seios da Face","ECO","Face / Seios da Face","","ESQUERDO","","","SIM",""
"129","ECODOPPLER GLANDULAS PAROTIDAS","ECO Doppler Glândulas Salivares","ECO","Glândulas Salivares","","","","","SIM",""
"130","ECODOPPLER GLANDULAS SALIVARES (TODAS)","ECO Doppler Glândulas Salivares","ECO","Glândulas Salivares","","","","","SIM",""
"131","ECODOPPLER REGIAO GLUTEA DIREITA","ECO Doppler Glúteo","ECO","Glúteo","","DIREITO","","","SIM",""
"132","ECODOPPLER REGIAO GLUTEA ESQUERDA","ECO Doppler Glúteo","ECO","Glúteo","","ESQUERDO","","","SIM",""
"133","ECODOPPLER JOELHO DIREITO","ECO Doppler Joelho","ECO","Joelho","","DIREITO","","","SIM",""
"134","ECODOPPLER JOELHO ESQUERDO","ECO Doppler Joelho","ECO","Joelho","","ESQUERDO","","","SIM",""
"135","ECODOPPLER MAMARIO","ECO Doppler Mamas","ECO","Mamas","","","","","SIM",""
"136","DOPPLER ARTERIAL COLORIDO POR MEMBRO","ECO Doppler Membro (Braço ou Perna)","ECO","Membro (Braço ou Perna)","","UNILATERAL","arterial","","SIM",""
"137","DOPPLER VENOSO COLORIDO POR MEMBRO","ECO Doppler Membro (Braço ou Perna)","ECO","Membro (Braço ou Perna)","","UNILATERAL","venoso","","SIM",""
"138","DOPPLER VENOSO E ARTERIAL COLORIDO POR MEMBRO","ECO Doppler Membro (Braço ou Perna)","ECO","Membro (Braço ou Perna)","","UNILATERAL","arterial, venoso","","SIM",""
"139","ECODOPPLER MAO DIREITA","ECO Doppler Mão","ECO","Mão","","DIREITO","","","SIM",""
"140","ECODOPPLER MAO ESQUERDA","ECO Doppler Mão","ECO","Mão","","ESQUERDO","","","SIM",""
"141","ECODOPPLER OBSTETRICO","ECO Doppler Obstétrica (Gestação)","ECO","Obstétrica (Gestação)","","","","","SIM",""
"142","ECODOPPLER OBSTETRICO GESTACAO MULTIPLA (CADA FETO)","ECO Doppler Obstétrica (Gestação)","ECO","Obstétrica (Gestação)","","","gestação múltipla","","SIM",""
"143","OBSTETRICA COM DOPPLER","ECO Doppler Obstétrica (Gestação)","ECO","Obstétrica (Gestação)","","","","","SIM",""
"144","OBSTETRICA COM DOPPLER GEST. MULTIPLA","ECO Doppler Obstétrica (Gestação)","ECO","Obstétrica (Gestação)","","","gestação múltipla","","SIM",""
"145","OBSTETRICA GEMELAR C/DOPPLER","ECO Doppler Obstétrica (Gestação)","ECO","Obstétrica (Gestação)","","","gemelar","","SIM",""
"146","ECODOPPLER OMBRO DIREITO","ECO Doppler Ombro","ECO","Ombro","","DIREITO","","","SIM",""
"147","ECODOPPLER OMBRO ESQUERDO","ECO Doppler Ombro","ECO","Ombro","","ESQUERDO","","","SIM",""
"148","ECODOPPLER REGIAO SUPRACLAVICULAR DIREITA (MUSCULO)","ECO Doppler Ombro","ECO","Ombro","","DIREITO","","","SIM",""
"149","ECODOPPLER REGIAO SUPRACLAVICULAR ESQUERDA (MUSCULO)","ECO Doppler Ombro","ECO","Ombro","","ESQUERDO","","","SIM",""
"150","ECODOPPLER PAREDE ABDOMINAL","ECO Doppler Parede Abdominal","ECO","Parede Abdominal","","","","","SIM",""
"151","DOPPLER COLORIDO ARTERIAL MEMBRO INFERIOR UNILATERAL","ECO Doppler Perna (Membro Inferior)","ECO","Perna (Membro Inferior)","","UNILATERAL","arterial","","SIM",""
"152","DOPPLER COLORIDO VENOSO MEMBRO INFERIOR UNILATERAL","ECO Doppler Perna (Membro Inferior)","ECO","Perna (Membro Inferior)","","UNILATERAL","venoso","","SIM",""
"153","ECODOPPLER ARTERIAL MEMBRO INFERIOR DIREITO","ECO Doppler Perna (Membro Inferior)","ECO","Perna (Membro Inferior)","","DIREITO","arterial","","SIM",""
"154","ECODOPPLER ARTERIAL MEMBRO INFERIOR ESQUERDO","ECO Doppler Perna (Membro Inferior)","ECO","Perna (Membro Inferior)","","ESQUERDO","arterial","","SIM",""
"155","ECODOPPLER VENOSO MEMBRO INFERIOR DIREITO","ECO Doppler Perna (Membro Inferior)","ECO","Perna (Membro Inferior)","","DIREITO","venoso","","SIM",""
"156","ECODOPPLER VENOSO MEMBRO INFERIOR ESQUERDO","ECO Doppler Perna (Membro Inferior)","ECO","Perna (Membro Inferior)","","ESQUERDO","venoso","","SIM",""
"157","ECODOPPLER REGIAO CERVICAL","ECO Doppler Pescoço","ECO","Pescoço","","","","","SIM",""
"158","ECODOPPLER PROSTATA","ECO Doppler Próstata","ECO","Próstata","","","","","SIM",""
"159","PROSTATA COM DOPPLER","ECO Doppler Próstata","ECO","Próstata","","","","","SIM",""
"160","ECODOPPLER PUNHO DIREITO","ECO Doppler Punho","ECO","Punho","","DIREITO","","","SIM",""
"161","ECODOPPLER PUNHO ESQUERDO","ECO Doppler Punho","ECO","Punho","","ESQUERDO","","","SIM",""
"162","ECODOPPLER ANTEPE DIREITO","ECO Doppler Pé","ECO","Pé","","DIREITO","","","SIM",""
"163","ECODOPPLER ANTEPE ESQUERDO","ECO Doppler Pé","ECO","Pé","","ESQUERDO","","","SIM",""
"164","ECODOPPLER CALCANEO DIREITO","ECO Doppler Pé","ECO","Pé","","DIREITO","","","SIM",""
"165","ECODOPPLER CALCANEO ESQUERDO","ECO Doppler Pé","ECO","Pé","","ESQUERDO","","","SIM",""
"166","ECODOPPLER PE DIREITO","ECO Doppler Pé","ECO","Pé","","DIREITO","","","SIM",""
"167","ECODOPPLER PE ESQUERDO","ECO Doppler Pé","ECO","Pé","","ESQUERDO","","","SIM",""
"168","ECODOPPLER PENIANO","ECO Doppler Pênis","ECO","Pênis","","","","","SIM",""
"169","ECODOPPLER BOLSA TROCANTERICA DIREITA (MUSCULO QUADRIL)","ECO Doppler Quadril","ECO","Quadril","","DIREITO","","","SIM",""
"170","ECODOPPLER BOLSA TROCANTERICA ESQUERDA (MUSCULO QUADRIL)","ECO Doppler Quadril","ECO","Quadril","","ESQUERDO","","","SIM",""
"171","ECODOPPLER QUADRIL DIREITO","ECO Doppler Quadril","ECO","Quadril","","DIREITO","","","SIM",""
"172","ECODOPPLER QUADRIL ESQUERDO","ECO Doppler Quadril","ECO","Quadril","","ESQUERDO","","","SIM",""
"173","ECODOPPLER REGIAO INGUINAL DIREITA ( HERNIA)","ECO Doppler Região Inguinal (Hérnia)","ECO","Região Inguinal (Hérnia)","","DIREITO","","","SIM",""
"174","ECODOPPLER REGIAO INGUINAL ESQUERDA (HERNIA)","ECO Doppler Região Inguinal (Hérnia)","ECO","Região Inguinal (Hérnia)","","ESQUERDO","","","SIM",""
"175","ECODOPPLER TIREOIDE","ECO Doppler Tireoide","ECO","Tireoide","","","","","SIM",""
"176","ECODOPPLER TORNOZELO DIREITO","ECO Doppler Tornozelo","ECO","Tornozelo","","DIREITO","","","SIM",""
"177","ECODOPPLER TORNOZELO ESQUERDO","ECO Doppler Tornozelo","ECO","Tornozelo","","ESQUERDO","","","SIM",""
"178","ECODOPPLER TRANSVAGINAL","ECO Doppler Transvaginal","ECO","Transvaginal","","","","","SIM",""
"179","TRANSVAGINAL COM DOPPLER","ECO Doppler Transvaginal","ECO","Transvaginal","","","","","SIM",""
"180","DOPLLERFLUXOMETRIA","ECO Doppler Vasos / Órgãos","ECO","Vasos / Órgãos","","","","","SIM",""
"181","DOPPLER COLORIDO 1 VASO","ECO Doppler Vasos / Órgãos","ECO","Vasos / Órgãos","","","","","SIM",""
"182","DOPPLER COLORIDO 2 VASOS","ECO Doppler Vasos / Órgãos","ECO","Vasos / Órgãos","","","","","SIM",""
"183","DOPPLER COLORIDO 3 VASOS","ECO Doppler Vasos / Órgãos","ECO","Vasos / Órgãos","","","","","SIM",""
"184","DOPPLER COLORIDO DE ORGAOS","ECO Doppler Vasos / Órgãos","ECO","Vasos / Órgãos","","","","","SIM",""
"185","DOPPLER CONVENCIONAL ORGAOSESTRUTURAS","ECO Doppler Vasos / Órgãos","ECO","Vasos / Órgãos","","","","","SIM",""
"186","DOPPLER DE ORGAO E ESTRUTURA ISOLADA","ECO Doppler Vasos / Órgãos","ECO","Vasos / Órgãos","","","","","SIM",""
"187","DOPPLER DE VEIA CAVA","ECO Doppler Veias Abdominais","ECO","Veias Abdominais","","","","","SIM",""
"188","DOPPLER DE VEIAS ILIACAS","ECO Doppler Veias Abdominais","ECO","Veias Abdominais","","","","","SIM",""
"189","ECODOPPLER VEIA CAVA SUPERIOR OU INFERIOR","ECO Doppler Veias Abdominais","ECO","Veias Abdominais","","","","","SIM",""
"190","ECODOPPLER ABDOMEN SUPERIOR (FÍGADO, VIAS BILIARES, VESÍCULA, PÂNCREAS, BAÇO)","ECO Doppler Vias Biliares","ECO","Vias Biliares","","","","","SIM",""
"191","ECODOPPLER GLOBO OCULAR (BILATERAL)","ECO Doppler Órbitas / Olhos","ECO","Órbitas / Olhos","","BILATERAL","","","SIM",""
"192","ECO FACE","ECO Face / Seios da Face","ECO","Face / Seios da Face","","","","","SIM",""
"193","ELASTOGRAFIA HEPÁTICA","ECO Fígado","ECO","Fígado","","","","","SIM",""
"194","ECO GLANDULAS PAROTIDAS","ECO Glândulas Salivares","ECO","Glândulas Salivares","","","","","SIM",""
"195","ECO GLANDULAS SALIVARES (TODAS)","ECO Glândulas Salivares","ECO","Glândulas Salivares","","","","","SIM",""
"196","GLANDULAS SALIVARES (TODAS)","ECO Glândulas Salivares","ECO","Glândulas Salivares","","","","","SIM",""
"197","ECO GLUTEO DIREITO (NADEGA)","ECO Glúteo","ECO","Glúteo","","DIREITO","","","SIM",""
"198","ECO GLUTEO ESQUERDO (NADEGA)","ECO Glúteo","ECO","Glúteo","","ESQUERDO","","","SIM",""
"199","ECO REGIAO POPLITEA DIREITA (POSTERIOR JOELHO)","ECO Joelho","ECO","Joelho","","DIREITO","","","SIM",""
"200","ECO REGIAO POPLITEA ESQUERDA (POSTERIOR JOELHO)","ECO Joelho","ECO","Joelho","","ESQUERDO","","","SIM",""
"201","ECO TENDAO PATELAR DIREITO","ECO Joelho","ECO","Joelho","","DIREITO","","","SIM",""
"202","ECO TENDAO PATELAR ESQUERDO","ECO Joelho","ECO","Joelho","","ESQUERDO","","","SIM",""
"203","ECO MAMARIA","ECO Mamas","ECO","Mamas","","","","","SIM",""
"204","ECO MAMARIA MASCULINO","ECO Mamas","ECO","Mamas","","","masculino","","SIM",""
"205","ECOGRAFIA MAMARIA","ECO Mamas","ECO","Mamas","","","","","SIM",""
"206","ORGÃO SUPERFICIAIS (US MAMAS)","ECO Mamas","ECO","Mamas","","","","","SIM",""
"207","ECO DORSO DA MAO DIREITA","ECO Mão","ECO","Mão","","DIREITO","","","SIM",""
"208","ECO DORSO DA MAO ESQUERDA","ECO Mão","ECO","Mão","","ESQUERDO","","","SIM",""
"209","ECO REGIAO PALMAR DIREITA","ECO Mão","ECO","Mão","","DIREITO","","","SIM",""
"210","ECO REGIAO PALMAR ESQUERDA","ECO Mão","ECO","Mão","","ESQUERDO","","","SIM",""
"211","ECO OBSTETRICA","ECO Obstétrica (Gestação)","ECO","Obstétrica (Gestação)","","","","","SIM",""
"212","ECO OBSTETRICA 3D / 4D","ECO Obstétrica (Gestação)","ECO","Obstétrica (Gestação)","","","3D/4D","","SIM",""
"213","ECO OBSTETRICA COM TRANSLUCENCIA NUCAL","ECO Obstétrica (Gestação)","ECO","Obstétrica (Gestação)","","","translucência nucal","","SIM",""
"214","ECO OBSTETRICA GESTACAO MULTIPLA (CADA FETO)","ECO Obstétrica (Gestação)","ECO","Obstétrica (Gestação)","","","gestação múltipla","","SIM",""
"215","ECO OBSTETRICA MORFOLOGICA","ECO Obstétrica (Gestação)","ECO","Obstétrica (Gestação)","","","morfológica","","SIM",""
"216","ECO OBSTETRICA MORFOLOGICA 1 TRIMESTRE (RASTREAMENTO CROMOSSOMICO)","ECO Obstétrica (Gestação)","ECO","Obstétrica (Gestação)","","","morfológica, rastreamento cromossômico","","SIM",""
"217","ECO OBSTETRICA TRANSVAGINAL","ECO Obstétrica (Gestação)","ECO","Obstétrica (Gestação)","","","","","SIM",""
"218","ECO OBSTETRICA TRANSVAGINAL (1º TRIMESTRE)","ECO Obstétrica (Gestação)","ECO","Obstétrica (Gestação)","","","","","SIM",""
"219","ECO OBSTETRICA: PERFIL BIOFISICO FETAL","ECO Obstétrica (Gestação)","ECO","Obstétrica (Gestação)","","","perfil biofísico","","SIM",""
"220","ECO TRANSVAGINAL COM TRANSLUCENCIA NUCAL","ECO Obstétrica (Gestação)","ECO","Obstétrica (Gestação)","","","translucência nucal","","SIM",""
"221","OBSTETRICA","ECO Obstétrica (Gestação)","ECO","Obstétrica (Gestação)","","","","","SIM",""
"222","OBSTETRICA 1 TRI ENDOVAGINAL","ECO Obstétrica (Gestação)","ECO","Obstétrica (Gestação)","","","","","SIM",""
"223","OBSTETRICA 3D4D","ECO Obstétrica (Gestação)","ECO","Obstétrica (Gestação)","","","3D/4D","","SIM",""
"224","OBSTETRICA C TN","ECO Obstétrica (Gestação)","ECO","Obstétrica (Gestação)","","","translucência nucal","","SIM",""
"225","OBSTETRICA C TN GEMELAR","ECO Obstétrica (Gestação)","ECO","Obstétrica (Gestação)","","","translucência nucal, gemelar","","SIM",""
"226","OBSTETRICA C TN IPE","ECO Obstétrica (Gestação)","ECO","Obstétrica (Gestação)","","","translucência nucal","IPE","SIM",""
"227","OBSTETRICA COM PERFIL","ECO Obstétrica (Gestação)","ECO","Obstétrica (Gestação)","","","perfil biofísico","","SIM",""
"228","OBSTETRICA COM RAST. CROMOSSOMICO GEMELAR","ECO Obstétrica (Gestação)","ECO","Obstétrica (Gestação)","","","gemelar, rastreamento cromossômico","","SIM",""
"229","OBSTETRICA COM RASTREAMENTO CROMOSSOMICO","ECO Obstétrica (Gestação)","ECO","Obstétrica (Gestação)","","","rastreamento cromossômico","","SIM",""
"230","OBSTETRICA GEMELAR CADA FETO","ECO Obstétrica (Gestação)","ECO","Obstétrica (Gestação)","","","gemelar","","SIM",""
"231","OBSTETRICA MORFOLOGICA","ECO Obstétrica (Gestação)","ECO","Obstétrica (Gestação)","","","morfológica","","SIM",""
"232","OBSTETRICA MORFOLOGICA GEMELAR","ECO Obstétrica (Gestação)","ECO","Obstétrica (Gestação)","","","morfológica, gemelar","","SIM",""
"233","PERFIL BIOFISICO FETAL","ECO Obstétrica (Gestação)","ECO","Obstétrica (Gestação)","","","perfil biofísico","","SIM",""
"234","UTERO GRAVIDO","ECO Obstétrica (Gestação)","ECO","Obstétrica (Gestação)","","","","","SIM",""
"235","ECO GLANDULAS SUBMANDIBULARES","ECO Odontológica","ECO","Odontológica","","","","","SIM",""
"236","ECO REGIAO MENTONIANA (MUSCULO MAXILAR)","ECO Odontológica","ECO","Odontológica","","","","","SIM",""
"237","ECO OMBRO DIREITO (PARTES MOLES/MUSCULO)","ECO Ombro","ECO","Ombro","","DIREITO","","","SIM",""
"238","ECO OMBRO ESQUERDO (PARTES MOLES/MUSCULO)","ECO Ombro","ECO","Ombro","","ESQUERDO","","","SIM",""
"239","ECO TRAPÉZIO (PARTES MOLES/MUSCULO)","ECO Ombro","ECO","Ombro","","","","","SIM",""
"240","ECO PAREDE ABDOMINAL","ECO Parede Abdominal","ECO","Parede Abdominal","","","","","SIM",""
"241","HIPOCONDRIO DIREITO","ECO Parede Abdominal","ECO","Parede Abdominal","","DIREITO","","","SIM",""
"242","ECO DERMATOLOGICO (PELE E SUBCUTANEO)","ECO Partes Moles","ECO","Partes Moles","","","","","SIM",""
"243","ECO PARTES MOLES","ECO Partes Moles","ECO","Partes Moles","","","","","SIM",""
"244","ECO REGIAO DORSAL","ECO Partes Moles","ECO","Partes Moles","","","","","SIM",""
"245","ECO REGIAO LOMBAR","ECO Partes Moles","ECO","Partes Moles","","","","","SIM",""
"246","ORGAOS SUPERFICIAIS","ECO Partes Moles","ECO","Partes Moles","","","","","SIM",""
"247","ECO PANTURRILHA DIREITA","ECO Perna","ECO","Perna","","DIREITO","","","SIM",""
"248","ECO PANTURRILHA ESQUERDA","ECO Perna","ECO","Perna","","ESQUERDO","","","SIM",""
"249","ECO PERNA DIREITA","ECO Perna","ECO","Perna","","DIREITO","","","SIM",""
"250","ECO PERNA ESQUERDA","ECO Perna","ECO","Perna","","ESQUERDO","","","SIM",""
"251","ECO TENDAO AQUILES DIREITO","ECO Perna","ECO","Perna","","DIREITO","","","SIM",""
"252","ECO TENDAO AQUILES ESQUERDO","ECO Perna","ECO","Perna","","ESQUERDO","","","SIM",""
"253","AVALIACAO DE LIPEDEMA DOS MEMBROS INFERIORES (BILATERAL)","ECO Perna (Membro Inferior)","ECO","Perna (Membro Inferior)","","BILATERAL","","","SIM",""
"254","ECO REGIAO PERINEAL","ECO Períneo","ECO","Períneo","","","","","SIM",""
"255","ECO REGIAO CERVICAL (PESCOÇO)","ECO Pescoço","ECO","Pescoço","","","","","SIM",""
"256","ECO PROSTATA (VIA ABDOMINAL)","ECO Próstata","ECO","Próstata","","","via abdominal","","SIM",""
"257","ECO PROSTATA TRANSRETAL","ECO Próstata","ECO","Próstata","","","transretal","","SIM",""
"258","PROSTATA","ECO Próstata","ECO","Próstata","","","","","SIM",""
"259","PROSTATA (VIA ABDOMINAL)","ECO Próstata","ECO","Próstata","","","via abdominal","","SIM",""
"260","PROSTATA (VIA ABDOMINAL/UNIMED)","ECO Próstata","ECO","Próstata","","","via abdominal","UNIMED","SIM",""
"261","PROSTATA TRANSRETAL","ECO Próstata","ECO","Próstata","","","transretal","","SIM",""
"262","ECO DORSO DO PUNHO DIREITO","ECO Punho","ECO","Punho","","DIREITO","","","SIM",""
"263","ECO DORSO DO PUNHO ESQUERDO","ECO Punho","ECO","Punho","","ESQUERDO","","","SIM",""
"264","ECO PUNHO DIREITO (PARTES MOLES/MUSCULO)","ECO Punho","ECO","Punho","","DIREITO","","","SIM",""
"265","ECO PUNHO ESQUERDO (PARTES MOLES/MUSCULO)","ECO Punho","ECO","Punho","","ESQUERDO","","","SIM",""
"266","ECO ANTEPE DIREITO","ECO Pé","ECO","Pé","","DIREITO","","","SIM",""
"267","ECO ANTEPE ESQUERDO","ECO Pé","ECO","Pé","","ESQUERDO","","","SIM",""
"268","ECO CALCANEO DIREITO","ECO Pé","ECO","Pé","","DIREITO","","","SIM",""
"269","ECO CALCANEO ESQUERDO","ECO Pé","ECO","Pé","","ESQUERDO","","","SIM",""
"270","ECO DORSO DO PE DIREITO","ECO Pé","ECO","Pé","","DIREITO","","","SIM",""
"271","ECO DORSO DO PE ESQUERDO","ECO Pé","ECO","Pé","","ESQUERDO","","","SIM",""
"272","ECO REGIAO PLANTAR DIREITA (FASCIA PLANTAR)","ECO Pé","ECO","Pé","","DIREITO","","","SIM",""
"273","ECO REGIAO PLANTAR ESQUERDA (FASCIA PLANTAR)","ECO Pé","ECO","Pé","","ESQUERDO","","","SIM",""
"274","PELVICA","ECO Pélvica (Útero e Ovários)","ECO","Pélvica (Útero e Ovários)","","","","","SIM",""
"275","ECO PENIS","ECO Pênis","ECO","Pênis","","","","","SIM",""
"276","ECO SINFISE PUBICA (PUBIS)","ECO Púbis","ECO","Púbis","","","","","SIM",""
"277","ECO BOLSA TROCANTERICA DIREITA (MUSCULO QUADRIL)","ECO Quadril","ECO","Quadril","","DIREITO","","","SIM",""
"278","ECO BOLSA TROCANTERICA ESQUERDA (MUSCULO QUADRIL)","ECO Quadril","ECO","Quadril","","ESQUERDO","","","SIM",""
"279","ECO QUADRIL DIREITO (PARTES MOLES)","ECO Quadril","ECO","Quadril","","DIREITO","","","SIM",""
"280","ECO QUADRIL ESQUERDO (PARTES MOLES)","ECO Quadril","ECO","Quadril","","ESQUERDO","","","SIM",""
"281","ECO TENDAO RETOFEMORAL DIREITO (QUADRIL)","ECO Quadril","ECO","Quadril","","DIREITO","","","SIM",""
"282","ECO TENDAO RETOFEMORAL ESQUERDA (QUADRIL)","ECO Quadril","ECO","Quadril","","ESQUERDO","","","SIM",""
"283","ECO REGIAO INGUINAL DIREITA (INVESTIGACAO HERNIA)","ECO Região Inguinal (Hérnia)","ECO","Região Inguinal (Hérnia)","","DIREITO","","","SIM",""
"284","ECO REGIAO INGUINAL DIREITA (MUSCULATURA)","ECO Região Inguinal (Hérnia)","ECO","Região Inguinal (Hérnia)","","DIREITO","","","SIM",""
"285","ECO REGIAO INGUINAL ESQUERDA (INVESTIGACAO HERNIA)","ECO Região Inguinal (Hérnia)","ECO","Região Inguinal (Hérnia)","","ESQUERDO","","","SIM",""
"286","ECO REGIAO INGUINAL ESQUERDA (MUSCULATURA)","ECO Região Inguinal (Hérnia)","ECO","Região Inguinal (Hérnia)","","ESQUERDO","","","SIM",""
"287","ECO RETROPERITONIO (GRANDES VASOS OU ADRENAIS)","ECO Retroperitônio / Adrenais","ECO","Retroperitônio / Adrenais","","","","","SIM",""
"288","ECO TIREOIDE","ECO Tireoide","ECO","Tireoide","","","","","SIM",""
"289","ORGÃOS SUPERFICIAIS (US TIREOIDE)","ECO Tireoide","ECO","Tireoide","","","","","SIM",""
"290","ECO TORNOZELO DIREITO (PARTES MOLES)","ECO Tornozelo","ECO","Tornozelo","","DIREITO","","","SIM",""
"291","ECO TORNOZELO ESQUERDO (PARTES MOLES)","ECO Tornozelo","ECO","Tornozelo","","ESQUERDO","","","SIM",""
"292","ECO TRANSVAGINAL (INCLUI PELVE)","ECO Transvaginal","ECO","Transvaginal","","","","","SIM",""
"293","PELVICA TRANSVAGINAL","ECO Transvaginal","ECO","Transvaginal","","","","","SIM",""
"294","PELVICA TRANSVAGINAL COM PREPARO INTESTINAL","ECO Transvaginal","ECO","Transvaginal","","","","","SIM",""
"295","ECO TRANSVAGINAL CONTROLE OVULACAO (3 OU MAIS EXAMES)","ECO Transvaginal (Controle de Ovulação)","ECO","Transvaginal (Controle de Ovulação)","","","","","SIM",""
"296","ECO TRANSVAGINAL PARA CONTROLE OVULAÇÃO (3 OU MAIS EXAMES)","ECO Transvaginal (Controle de Ovulação)","ECO","Transvaginal (Controle de Ovulação)","","","","","SIM",""
"297","TRANSVAGINAL PARA OVULAÇÃO (3 OU MAIS)","ECO Transvaginal (Controle de Ovulação)","ECO","Transvaginal (Controle de Ovulação)","","","","","SIM",""
"298","ECO PAREDE TORACICA","ECO Tórax","ECO","Tórax","","","","","SIM",""
"299","ECO REGIAO PEITORAL (PARTES MOLES)","ECO Tórax","ECO","Tórax","","","","","SIM",""
"300","ECO TORAX (PAREDE TORACICA/REGIAO PEITORAL)","ECO Tórax","ECO","Tórax","","","","","SIM",""
"301","ECOGRAFIA DE TORAX","ECO Tórax","ECO","Tórax","","","","","SIM",""
"302","TORAX EXTRACARDIACO","ECO Tórax","ECO","Tórax","","","","","SIM",""
"303","ESTUDO DE 3 OU + VASOS","ECO Vasos / Órgãos","ECO","Vasos / Órgãos","","","","","SIM",""
"304","ECO ABDOME INFERIOR MASCULINO - (BEXIGA, PRÓSTATA E VESÍCULAS SEMINAIS)","ECO Vias Biliares","ECO","Vias Biliares","","","masculino","","SIM",""
"305","ECO ABDOME SUPERIOR (FÍGADO, VIAS BILIARES, VESÍCULA, PÂNCREAS, BAÇO)","ECO Vias Biliares","ECO","Vias Biliares","","","","","SIM",""
"306","ECO GLOBO OCULAR (BILATERAL)","ECO Órbitas / Olhos","ECO","Órbitas / Olhos","","BILATERAL","","","SIM",""
"307","ECOCARDIO BI COM DOPPLER","Ecocardiograma Coração","ECO","Coração","","","","","SIM",""
"308","ECOCARDIO BI COM FLUXO CORES","Ecocardiograma Coração","ECO","Coração","","","","","SIM",""
"309","ECOCARDIO FETAL","Ecocardiograma Coração","ECO","Coração","","","","","SIM",""
"310","ECOCARDIO FETAL - GEMELAR","Ecocardiograma Coração","ECO","Coração","","","gemelar","","SIM",""
"311","ECOCARDIO FETAL A CORES","Ecocardiograma Coração","ECO","Coração","","","","","SIM",""
"312","ECOCARDIOGRAFIA BIDIMENSIONAL","Ecocardiograma Coração","ECO","Coração","","","","","SIM",""
"313","ECOCARDIOGRAFIA UNIDIMENSIONAL","Ecocardiograma Coração","ECO","Coração","","","","","SIM",""
"314","ECOCARDIOGRAMA C/ DOPPLER","Ecocardiograma Coração","ECO","Coração","","","","","SIM",""
"315","ECOCARDIOGRAMA PEDIATRICO","Ecocardiograma Coração","ECO","Coração","","","pediátrico","","SIM",""
"316","ECODOPPLERCARDIOGRAMA","Ecocardiograma Coração","ECO","Coração","","","","","SIM",""
"317","ECODOPPLERCARDIOGRAMA FETAL","Ecocardiograma Coração","ECO","Coração","","","","","SIM",""
"318","ECODOPPLERCARDIOGRAMA FETAL COM MAPEAMENTO DE FLUXO EM CORES POR FETO","Ecocardiograma Coração","ECO","Coração","","","","","SIM",""
"319","ECODOPPLERCARDIOGRAMA TRANSTORACICO","Ecocardiograma Coração","ECO","Coração","","","","","SIM",""
"320","MAMOGRAFIA","Mamografia","MAMOGRAFIA","","","","","","SIM",""
"321","MAMOGRAFIA (CONVENCIONAL)","Mamografia","MAMOGRAFIA","","","","","","SIM",""
"322","MAMOGRAFIA DIGITAL","Mamografia","MAMOGRAFIA","","","","","","SIM",""
"323","01 ARCADA (A PARTIR) (IMPLANTODONTIA)","Odontologia: 01 Arcada (A Partir) (Implantodontia)","ODONTOLOGIA","Odontológica","","","","","SIM",""
"324","01 ARCADA (PERIODONTIA)","Odontologia: 01 Arcada (Periodontia)","ODONTOLOGIA","Odontológica","","","","","SIM",""
"325","01 DENTE OU 01 REGIAO (IMPLANTODONTIA)","Odontologia: 01 Dente Ou 01 Regiao (Implantodontia)","ODONTOLOGIA","Odontológica","","","","","SIM",""
"326","01 DENTE OU 01 REGIAO (PERIODONTIA)","Odontologia: 01 Dente Ou 01 Regiao (Periodontia)","ODONTOLOGIA","Odontológica","","","","","SIM",""
"327","02 ARCADAS (A PARTIR) (IMPLANTODONTIA)","Odontologia: 02 Arcadas (A Partir) (Implantodontia)","ODONTOLOGIA","Odontológica","","","","","SIM",""
"328","02 ARCADAS (PERIODONTIA)","Odontologia: 02 Arcadas (Periodontia)","ODONTOLOGIA","Odontológica","","","","","SIM",""
"329","ANALISE CEFALOMETRICA (CADA)","Odontologia: Analise Cefalometrica (Cada)","ODONTOLOGIA","Odontológica","","","","","SIM",""
"330","ANALISE ESPACO AEREO","Odontologia: Analise Espaco Aereo","ODONTOLOGIA","Odontológica","","","","","SIM",""
"331","DOC BASICA DANA","Odontologia: Doc Basica Dana","ODONTOLOGIA","Odontológica","","","","","SIM",""
"332","DOC BASICA IPAG","Odontologia: Doc Basica Ipag","ODONTOLOGIA","Odontológica","","","","","SIM",""
"333","DOC CIRURG ORTOGNATICA - 01 ARCADA","Odontologia: Doc Cirurg Ortognatica - 01 Arcada","ODONTOLOGIA","Odontológica","","","","","SIM",""
"334","DOC CIRURG ORTOGNATICA - 02 ARCADAS","Odontologia: Doc Cirurg Ortognatica - 02 Arcadas","ODONTOLOGIA","Odontológica","","","","","SIM",""
"335","DOC CIRURG ORTOGNATICA - FACE","Odontologia: Doc Cirurg Ortognatica - Face","ODONTOLOGIA","Face / Seios da Face","","","","","SIM",""
"336","DOC COMPLETA IPAG","Odontologia: Doc Completa Ipag","ODONTOLOGIA","Odontológica","","","","","SIM",""
"337","DOC PARA CTBMF - 01 ARCADA","Odontologia: Doc Para Ctbmf - 01 Arcada","ODONTOLOGIA","Odontológica","","","","","SIM",""
"338","DOC PARA CTBMF - 01 DENTE OU 01 REGIAO","Odontologia: Doc Para Ctbmf - 01 Dente Ou 01 Regiao","ODONTOLOGIA","Odontológica","","","","","SIM",""
"339","DOC PARA CTBMF - 02 ARCADAS","Odontologia: Doc Para Ctbmf - 02 Arcadas","ODONTOLOGIA","Odontológica","","","","","SIM",""
"340","DOC PARA CTBMF - FACE","Odontologia: Doc Para Ctbmf - Face","ODONTOLOGIA","Face / Seios da Face","","","","","SIM",""
"341","DOC PARA ENDODONTIA - 01 ARCADA","Odontologia: Doc Para Endodontia - 01 Arcada","ODONTOLOGIA","Odontológica","","","","","SIM",""
"342","DOC PARA ENDODONTIA - 01 DENTE / 01 REGIAO","Odontologia: Doc Para Endodontia - 01 Dente / 01 Regiao","ODONTOLOGIA","Odontológica","","","","","SIM",""
"343","DOC PARA ENDODONTIA - 02 ARCADAS","Odontologia: Doc Para Endodontia - 02 Arcadas","ODONTOLOGIA","Odontológica","","","","","SIM",""
"344","DOC PERSONALIZADA ANI MARI","Odontologia: Doc Personalizada Ani Mari","ODONTOLOGIA","Odontológica","","","","","SIM",""
"345","DOC. BASICA + 1 CEFALOMETRIA","Odontologia: Doc. Basica + 1 Cefalometria","ODONTOLOGIA","Odontológica","","","","","SIM",""
"346","DOC. BASICA + 2 CEFALOMETRIA","Odontologia: Doc. Basica + 2 Cefalometria","ODONTOLOGIA","Odontológica","","","","","SIM",""
"347","DOC. BASICA + 3 CEFALOMETRIA","Odontologia: Doc. Basica + 3 Cefalometria","ODONTOLOGIA","Odontológica","","","","","SIM",""
"348","DOC. COMPLETA + 1 CEFALOMETRIA","Odontologia: Doc. Completa + 1 Cefalometria","ODONTOLOGIA","Odontológica","","","","","SIM",""
"349","DOC. COMPLETA + 2 CEFALOMETRIA","Odontologia: Doc. Completa + 2 Cefalometria","ODONTOLOGIA","Odontológica","","","","","SIM",""
"350","DOC. COMPLETA + 3 CEFALOMETRIA","Odontologia: Doc. Completa + 3 Cefalometria","ODONTOLOGIA","Odontológica","","","","","SIM",""
"351","DOC. ORTODONTICA BASICA FINALIZAÇÃO","Odontologia: Doc. Ortodontica Basica Finalização","ODONTOLOGIA","Odontológica","","","","","SIM",""
"352","DOC. ORTODONTICA BÁS.FINALIZAÇÃO S/MOLDE","Odontologia: Doc. Ortodontica Bás.Finalização S/Molde","ODONTOLOGIA","Odontológica","","","","","SIM",""
"353","DOC. ORTODONTICA COMP. FINALIZAÇÃO","Odontologia: Doc. Ortodontica Comp. Finalização","ODONTOLOGIA","Odontológica","","","","","SIM",""
"354","DOCUMENTACAO ORTODONTICA BASICA","Odontologia: Documentacao Ortodontica Basica","ODONTOLOGIA","Odontológica","","","","","SIM",""
"355","DOCUMENTACAO ORTODONTICA COMPLETA","Odontologia: Documentacao Ortodontica Completa","ODONTOLOGIA","Odontológica","","","","","SIM",""
"356","DOCUMENTACAO ORTOPEDICA","Odontologia: Documentacao Ortopedica","ODONTOLOGIA","Odontológica","","","","","SIM",""
"357","DOCUMENTACAO PARA ESTETICA","Odontologia: Documentacao Para Estetica","ODONTOLOGIA","Odontológica","","","","","SIM",""
"358","DOCUMENTAÇAO PERIODONTAL","Odontologia: Documentaçao Periodontal","ODONTOLOGIA","Odontológica","","","","","SIM",""
"359","DOCUMENTAÇÃO BASICA ESPECIAL","Odontologia: Documentação Basica Especial","ODONTOLOGIA","Odontológica","","","","","SIM",""
"360","DOCUMENTAÇÃO BASICA S/ MOLDE","Odontologia: Documentação Basica S/ Molde","ODONTOLOGIA","Odontológica","","","","","SIM",""
"361","DOCUMENTAÇÃO ORTODONTICA PERSONALIZADA","Odontologia: Documentação Ortodontica Personalizada","ODONTOLOGIA","Odontológica","","","","","SIM",""
"362","LEVANTAMENTO PERIAPICAL","Odontologia: Levantamento Periapical","ODONTOLOGIA","Odontológica","","","","","SIM",""
"363","LEVANTAMENTO PERIAPICAL (11 A 14)","Odontologia: Levantamento Periapical (11 A 14)","ODONTOLOGIA","Odontológica","","","","","SIM",""
"364","LEVANTAMENTO PERIAPICAL ATÉ 10 DENTES","Odontologia: Levantamento Periapical Até 10 Dentes","ODONTOLOGIA","Odontológica","","","","","SIM",""
"365","PANORAMICA, TELE, INDICE CARPAL","Odontologia: Panoramica, Tele, Indice Carpal","ODONTOLOGIA","Odontológica","","","","","SIM",""
"366","PROTOTIPAGEM MAXILA(INCLUI FORAME INFRAORBITARIO)","Odontologia: Prototipagem Maxila(Inclui Forame Infraorbitario)","ODONTOLOGIA","Órbitas / Olhos","","","","","SIM",""
"367","RADIOGRAFIA ANTERO-POSTERIOR","Odontologia: Radiografia Antero-Posterior","ODONTOLOGIA","Odontológica","","","","","SIM",""
"368","RADIOGRAFIA INDICE CARPAL","Odontologia: Radiografia Indice Carpal","ODONTOLOGIA","Odontológica","","","","","SIM",""
"369","RADIOGRAFIA INTERPROXIMAL","Odontologia: Radiografia Interproximal","ODONTOLOGIA","Odontológica","","","","","SIM",""
"370","RADIOGRAFIA OCLUSAL","Odontologia: Radiografia Oclusal","ODONTOLOGIA","Odontológica","","","","","SIM",""
"371","RADIOGRAFIA PANORAMICA MANDIBULA/MAXILA","Odontologia: Radiografia Panoramica Mandibula/Maxila","ODONTOLOGIA","Odontológica","","","","","SIM",""
"372","RADIOGRAFIA PERIAPICAL","Odontologia: Radiografia Periapical","ODONTOLOGIA","Odontológica","","","","","SIM",""
"373","RADIOGRAFIA PERIAPICAL OU INTERPROXIMAL (1)","Odontologia: Radiografia Periapical Ou Interproximal (1)","ODONTOLOGIA","Odontológica","","","","","SIM",""
"374","RADIOGRAFIA PERIAPICAL OU INTERPROXIMAL (10)","Odontologia: Radiografia Periapical Ou Interproximal (10)","ODONTOLOGIA","Odontológica","","","","","SIM",""
"375","RADIOGRAFIA PERIAPICAL OU INTERPROXIMAL (2)","Odontologia: Radiografia Periapical Ou Interproximal (2)","ODONTOLOGIA","Odontológica","","","","","SIM",""
"376","RADIOGRAFIA PERIAPICAL OU INTERPROXIMAL (3)","Odontologia: Radiografia Periapical Ou Interproximal (3)","ODONTOLOGIA","Odontológica","","","","","SIM",""
"377","RADIOGRAFIA PERIAPICAL OU INTERPROXIMAL (4)","Odontologia: Radiografia Periapical Ou Interproximal (4)","ODONTOLOGIA","Odontológica","","","","","SIM",""
"378","RADIOGRAFIA PERIAPICAL OU INTERPROXIMAL (5)","Odontologia: Radiografia Periapical Ou Interproximal (5)","ODONTOLOGIA","Odontológica","","","","","SIM",""
"379","RADIOGRAFIA PERIAPICAL OU INTERPROXIMAL (6)","Odontologia: Radiografia Periapical Ou Interproximal (6)","ODONTOLOGIA","Odontológica","","","","","SIM",""
"380","RADIOGRAFIA PERIAPICAL OU INTERPROXIMAL (7)","Odontologia: Radiografia Periapical Ou Interproximal (7)","ODONTOLOGIA","Odontológica","","","","","SIM",""
"381","RADIOGRAFIA PERIAPICAL OU INTERPROXIMAL (8)","Odontologia: Radiografia Periapical Ou Interproximal (8)","ODONTOLOGIA","Odontológica","","","","","SIM",""
"382","RADIOGRAFIA PERIAPICAL OU INTERPROXIMAL (9)","Odontologia: Radiografia Periapical Ou Interproximal (9)","ODONTOLOGIA","Odontológica","","","","","SIM",""
"383","RADIOGRAFIA POSTERO-ANTERIOR","Odontologia: Radiografia Postero-Anterior","ODONTOLOGIA","Odontológica","","","","","SIM",""
"384","RX BITE-WING- INTERPROXIMAL","Odontologia: Rx Bite-Wing- Interproximal","ODONTOLOGIA","Odontológica","","","","","SIM",""
"385","RX OCLUSAL","Odontologia: Rx Oclusal","ODONTOLOGIA","Odontológica","","","","","SIM",""
"386","RX PANORAMICA","Odontologia: Rx Panoramica","ODONTOLOGIA","Odontológica","","","","","SIM",""
"387","RX PANORAMICA DOS MEMBROS INFERIORES (PANORAMICO/CHAPAO)","Odontologia: Rx Panoramica Dos Membros Inferiores (Panoramico/Chapao)","ODONTOLOGIA","Perna (Membro Inferior)","","","","","SIM",""
"388","RX PANORAMICA MANDIBULA","Odontologia: Rx Panoramica Mandibula","ODONTOLOGIA","Odontológica","","","","","SIM",""
"389","RX PERIAPICAL","Odontologia: Rx Periapical","ODONTOLOGIA","Pé","","","","","SIM",""
"390","RX POSTERO ANTERIOR","Odontologia: Rx Postero Anterior","ODONTOLOGIA","Odontológica","","","","","SIM",""
"391","RX TELERRADIOGRAFIA COM TRAÇADO COMPUTADORIZADO","Odontologia: Rx Telerradiografia Com Traçado Computadorizado","ODONTOLOGIA","Odontológica","","","","","SIM",""
"392","TELERRADIOGRAFIA","Odontologia: Telerradiografia","ODONTOLOGIA","Odontológica","","","","","SIM",""
"393","MARCAÇÃO PRÉ-CIRÚRGICA POR NÓDULO - POR MAMA - GUIADA POR US","Marcação Pré-Cirúrgica Por Nódulo - Por Mama - Guiada Por Us","PROCEDIMENTO","Mamas","","","guiada por ultrassom","","SIM",""
"394","NEFROSTOMIA ORIENTADA POR TC","Nefrostomia Orientada Por Tc","PROCEDIMENTO","","","","guiada por tomografia","","SIM",""
"395","PARACENTESE","Paracentese","PROCEDIMENTO","","","","","","SIM",""
"396","RM - ANGIO ARTERIAL ABD SUP. (UNIMED) S/ CONTRASTE","Angio-RM Abdome Superior","RM","Abdome Superior","SEM","","arterial","UNIMED","SIM",""
"397","RM - ANGIO ARTERIAL ABDOME SUPERIOR C/C","Angio-RM Abdome Superior","RM","Abdome Superior","COM","","arterial","","SIM",""
"398","RM - ANGIO ARTERIAL ABDOME SUPERIOR S/ CONTRASTE","Angio-RM Abdome Superior","RM","Abdome Superior","SEM","","arterial","","SIM",""
"399","RM - ANGIO ARTERIAL DE ABD SUPERIOR C/C (UNIMED)","Angio-RM Abdome Superior","RM","Abdome Superior","COM","","arterial","UNIMED","SIM",""
"400","RM - ANGIO VENOSA ABD SUP. (UNIMED) S/ CONTRASTE","Angio-RM Abdome Superior","RM","Abdome Superior","SEM","","venoso","UNIMED","SIM",""
"401","RM - ANGIO VENOSA ABDOME SUPERIOR C/C","Angio-RM Abdome Superior","RM","Abdome Superior","COM","","venoso","","SIM",""
"402","RM - ANGIO VENOSA ABDOME SUPERIOR S/ CONTRASTE","Angio-RM Abdome Superior","RM","Abdome Superior","SEM","","venoso","","SIM",""
"403","RM - ANGIO VENOSA DE ABD SUPERIOR C/C (UNIMED)","Angio-RM Abdome Superior","RM","Abdome Superior","COM","","venoso","UNIMED","SIM",""
"404","RM- ANGIO ARTERIAL ABDOME SUPERIOR C/C","Angio-RM Abdome Superior","RM","Abdome Superior","COM","","arterial","","SIM",""
"405","RM- ANGIO ARTERIAL ABDOME SUPERIOR S/ CONTRASTE","Angio-RM Abdome Superior","RM","Abdome Superior","SEM","","arterial","","SIM",""
"406","RM- ANGIO VENOSA ABDOME SUPERIOR C/C","Angio-RM Abdome Superior","RM","Abdome Superior","COM","","venoso","","SIM",""
"407","RM- ANGIO VENOSA ABDOME SUPERIOR S/ CONTRASTE","Angio-RM Abdome Superior","RM","Abdome Superior","SEM","","venoso","","SIM",""
"408","ANGIO RM ABDOME TOTAL","Angio-RM Abdome Total","RM","Abdome Total","NAO_INFORMADO","","","","SIM","contraste não informado no nome"
"409","RM - ANGIO AORTA ABDOMINAL C/C","Angio-RM Aorta","RM","Aorta","COM","","","","SIM",""
"410","RM - ANGIO AORTA ABDOMINAL S/ CONTRASTE","Angio-RM Aorta","RM","Aorta","SEM","","","","SIM",""
"411","RM - ANGIO AORTA TORACICA C/C","Angio-RM Aorta Torácica","RM","Aorta Torácica","COM","","","","SIM",""
"412","RM - ANGIO AORTA TORACICA S/ CONTRASTE","Angio-RM Aorta Torácica","RM","Aorta Torácica","SEM","","","","SIM",""
"413","RM - ANGIO ARTERIAL DE PELVE (UNIMED) S/ CONTRASTE","Angio-RM Bacia / Pelve","RM","Bacia / Pelve","SEM","","arterial","UNIMED","SIM",""
"414","RM - ANGIO ARTERIAL DE PELVE C/C","Angio-RM Bacia / Pelve","RM","Bacia / Pelve","COM","","arterial","","SIM",""
"415","RM - ANGIO ARTERIAL DE PELVE C/C (UNIMED)","Angio-RM Bacia / Pelve","RM","Bacia / Pelve","COM","","arterial","UNIMED","SIM",""
"416","RM - ANGIO ARTERIAL DE PELVE S/ CONTRASTE","Angio-RM Bacia / Pelve","RM","Bacia / Pelve","SEM","","arterial","","SIM",""
"417","RM - ANGIO VENOSA DE PELVE (UNIMED) S/ CONTRASTE","Angio-RM Bacia / Pelve","RM","Bacia / Pelve","SEM","","venoso","UNIMED","SIM",""
"418","RM - ANGIO VENOSA DE PELVE C/C","Angio-RM Bacia / Pelve","RM","Bacia / Pelve","COM","","venoso","","SIM",""
"419","RM - ANGIO VENOSA DE PELVE C/C (UNIMED)","Angio-RM Bacia / Pelve","RM","Bacia / Pelve","COM","","venoso","UNIMED","SIM",""
"420","RM - ANGIO VENOSA DE PELVE S/ CONTRASTE","Angio-RM Bacia / Pelve","RM","Bacia / Pelve","SEM","","venoso","","SIM",""
"421","RM- ANGIO ARTERIAL DE PELVE S/ CONTRASTE","Angio-RM Bacia / Pelve","RM","Bacia / Pelve","SEM","","arterial","","SIM",""
"422","ANGIO RM DE MEMBRO SUPERIOR S/ CONTRASTE","Angio-RM Braço (Membro Superior)","RM","Braço (Membro Superior)","SEM","","","","SIM",""
"423","ANGIO-RM VASOS CEREBRAIS","Angio-RM Crânio","RM","Crânio","NAO_INFORMADO","","","","SIM","contraste não informado no nome"
"424","ANGIORM (CRANIO/PESCOÇO)","Angio-RM Crânio","RM","Crânio","NAO_INFORMADO","","","","SIM","contraste não informado no nome"
"425","RM - ANGIO (CRANIO,PESC.,TORAX, ABD SUP.) C/C","Angio-RM Crânio","RM","Crânio","COM","","","","SIM",""
"426","RM - ANGIO (CRANIO,PESC.,TORAX, ABD SUP.) C/C E COM SEDAÇAO","Angio-RM Crânio","RM","Crânio","COM","","com sedação","","SIM",""
"427","RM - ANGIO (CRANIO,PESC.,TORAX, ABD SUP.) COM SEDAÇAO","Angio-RM Crânio","RM","Crânio","NAO_INFORMADO","","com sedação","","SIM","contraste não informado no nome"
"428","RM - ANGIO (CRANIO,PESC.,TORAX, ABD SUP.) S/ CONTRASTE","Angio-RM Crânio","RM","Crânio","SEM","","","","SIM",""
"429","RM - ANGIO ARTERIAL DE CRANIO (UNIMED) S/ CONTRASTE","Angio-RM Crânio","RM","Crânio","SEM","","arterial","UNIMED","SIM",""
"430","RM - ANGIO ARTERIAL DE CRANIO C/C","Angio-RM Crânio","RM","Crânio","COM","","arterial","","SIM",""
"431","RM - ANGIO ARTERIAL DE CRANIO C/C (UNIMED)","Angio-RM Crânio","RM","Crânio","COM","","arterial","UNIMED","SIM",""
"432","RM - ANGIO ARTERIAL DE CRANIO S/ CONTRASTE","Angio-RM Crânio","RM","Crânio","SEM","","arterial","","SIM",""
"433","RM - ANGIO VENOSA DE CRANIO (UNIMED) S/ CONTRASTE","Angio-RM Crânio","RM","Crânio","SEM","","venoso","UNIMED","SIM",""
"434","RM - ANGIO VENOSA DE CRANIO C/C","Angio-RM Crânio","RM","Crânio","COM","","venoso","","SIM",""
"435","RM - ANGIO VENOSA DE CRANIO C/C  (UNIMED)","Angio-RM Crânio","RM","Crânio","COM","","venoso","UNIMED","SIM",""
"436","RM - ANGIO VENOSA DE CRANIO S/ CONTRASTE","Angio-RM Crânio","RM","Crânio","SEM","","venoso","","SIM",""
"437","RM ANGIO-RESSONANCIA CRANIO ARTERIAL","Angio-RM Crânio","RM","Crânio","NAO_INFORMADO","","arterial","","SIM","contraste não informado no nome"
"438","RM ANGIO-RESSONANCIA CRANIO ARTERIAL COM CONTRASTE (AD)","Angio-RM Crânio","RM","Crânio","COM","","(AD), arterial","","SIM","confirmar significado de AD/PD"
"439","RM ANGIO-RESSONANCIA CRANIO ARTERIAL COM CONTRASTE (PD)","Angio-RM Crânio","RM","Crânio","COM","","(PD), arterial","","SIM","confirmar significado de AD/PD"
"440","RM ANGIO-RESSONANCIA CRANIO VENOSA","Angio-RM Crânio","RM","Crânio","NAO_INFORMADO","","venoso","","SIM","contraste não informado no nome"
"441","RM ANGIO-RESSONANCIA CRANIO VENOSA COM CONTRASTE (AD)","Angio-RM Crânio","RM","Crânio","COM","","(AD), venoso","","SIM","confirmar significado de AD/PD"
"442","RM ANGIO-RESSONANCIA CRANIO VENOSA COM CONTRASTE (PD)","Angio-RM Crânio","RM","Crânio","COM","","(PD), venoso","","SIM","confirmar significado de AD/PD"
"443","RM- ANGIO ARTERIAL CRANIO C/C","Angio-RM Crânio","RM","Crânio","COM","","arterial","","SIM",""
"444","RM- ANGIO ARTERIAL CRANIO S/ CONTRASTE","Angio-RM Crânio","RM","Crânio","SEM","","arterial","","SIM",""
"445","RM- ANGIO ARTERIAL DE CRANIO S/ CONTRASTE","Angio-RM Crânio","RM","Crânio","SEM","","arterial","","SIM",""
"446","RM- ANGIO VENOSA CRANIO C/C","Angio-RM Crânio","RM","Crânio","COM","","venoso","","SIM",""
"447","RM- ANGIO VENOSA CRANIO S/ CONTRASTE","Angio-RM Crânio","RM","Crânio","SEM","","venoso","","SIM",""
"448","RM- ANGIO ARTERIAL DE MEMBRO INFERIOR C/C","Angio-RM Perna (Membro Inferior)","RM","Perna (Membro Inferior)","COM","","arterial","","SIM",""
"449","RM- ANGIO ARTERIAL DE MEMBRO INFERIOR S/ CONTRASTE","Angio-RM Perna (Membro Inferior)","RM","Perna (Membro Inferior)","SEM","","arterial","","SIM",""
"450","RM - ANGIO ARTERIAL DE PESCOÇO (UNIMED) S/ CONTRASTE","Angio-RM Pescoço","RM","Pescoço","SEM","","arterial","UNIMED","SIM",""
"451","RM - ANGIO ARTERIAL DE PESCOÇO C/C","Angio-RM Pescoço","RM","Pescoço","COM","","arterial","","SIM",""
"452","RM - ANGIO ARTERIAL DE PESCOÇO C/C (UNIMED)","Angio-RM Pescoço","RM","Pescoço","COM","","arterial","UNIMED","SIM",""
"453","RM - ANGIO ARTERIAL DE PESCOÇO S/ CONTRASTE","Angio-RM Pescoço","RM","Pescoço","SEM","","arterial","","SIM",""
"454","RM - ANGIO VENOSA DE PESCOÇO (UNIMED) S/ CONTRASTE","Angio-RM Pescoço","RM","Pescoço","SEM","","venoso","UNIMED","SIM",""
"455","RM - ANGIO VENOSA DE PESCOÇO C/C","Angio-RM Pescoço","RM","Pescoço","COM","","venoso","","SIM",""
"456","RM - ANGIO VENOSA DE PESCOÇO C/C (UNIMED)","Angio-RM Pescoço","RM","Pescoço","COM","","venoso","UNIMED","SIM",""
"457","RM - ANGIO VENOSA DE PESCOÇO S/ CONTRASTE","Angio-RM Pescoço","RM","Pescoço","SEM","","venoso","","SIM",""
"458","RM ANGIO-RESSONANCIA PESCOÇO ARTERIAL","Angio-RM Pescoço","RM","Pescoço","NAO_INFORMADO","","arterial","","SIM","contraste não informado no nome"
"459","RM ANGIO-RESSONANCIA PESCOÇO ARTERIAL COM CONTRASTE (AD)","Angio-RM Pescoço","RM","Pescoço","COM","","(AD), arterial","","SIM","confirmar significado de AD/PD"
"460","RM ANGIO-RESSONANCIA PESCOÇO ARTERIAL COM CONTRASTE (PD)","Angio-RM Pescoço","RM","Pescoço","COM","","(PD), arterial","","SIM","confirmar significado de AD/PD"
"461","RM ANGIO-RESSONANCIA PESCOÇO VENOSA","Angio-RM Pescoço","RM","Pescoço","NAO_INFORMADO","","venoso","","SIM","contraste não informado no nome"
"462","RM ANGIO-RESSONANCIA PESCOÇO VENOSA COM CONTRASTE (AD)","Angio-RM Pescoço","RM","Pescoço","COM","","(AD), venoso","","SIM","confirmar significado de AD/PD"
"463","RM ANGIO-RESSONANCIA PESCOÇO VENOSA COM CONTRASTE (PD)","Angio-RM Pescoço","RM","Pescoço","COM","","(PD), venoso","","SIM","confirmar significado de AD/PD"
"464","RM - ANGIO ARTERIAL PULMONAR (UNIMED) S/ CONTRASTE","Angio-RM Pulmão (Vasos)","RM","Pulmão (Vasos)","SEM","","arterial","UNIMED","SIM",""
"465","RM - ANGIO ARTERIAL PULMONAR C/C","Angio-RM Pulmão (Vasos)","RM","Pulmão (Vasos)","COM","","arterial","","SIM",""
"466","RM - ANGIO ARTERIAL PULMONAR C/C (UNIMED)","Angio-RM Pulmão (Vasos)","RM","Pulmão (Vasos)","COM","","arterial","UNIMED","SIM",""
"467","RM - ANGIO ARTERIAL PULMONAR S/ CONTRASTE","Angio-RM Pulmão (Vasos)","RM","Pulmão (Vasos)","SEM","","arterial","","SIM",""
"468","RM - ANGIO VENOSA PULMONAR (UNIMED) S/ CONTRASTE","Angio-RM Pulmão (Vasos)","RM","Pulmão (Vasos)","SEM","","venoso","UNIMED","SIM",""
"469","RM - ANGIO VENOSA PULMONAR C/C","Angio-RM Pulmão (Vasos)","RM","Pulmão (Vasos)","COM","","venoso","","SIM",""
"470","RM - ANGIO VENOSA PULMONAR C/C  (UNIMED)","Angio-RM Pulmão (Vasos)","RM","Pulmão (Vasos)","COM","","venoso","UNIMED","SIM",""
"471","RM - ANGIO VENOSA PULMONAR S/ CONTRASTE","Angio-RM Pulmão (Vasos)","RM","Pulmão (Vasos)","SEM","","venoso","","SIM",""
"472","RM- ANGIO ARTERIAL PULMONAR C/C","Angio-RM Pulmão (Vasos)","RM","Pulmão (Vasos)","COM","","arterial","","SIM",""
"473","RM- ANGIO ARTERIAL PULMONAR S/ CONTRASTE","Angio-RM Pulmão (Vasos)","RM","Pulmão (Vasos)","SEM","","arterial","","SIM",""
"474","RM ANGIOGRAFIA (QQ SEGMENTO) C/C","Angio-RM Qualquer Segmento","RM","Qualquer Segmento","COM","","","","SIM",""
"475","RM ANGIOGRAFIA (QQ SEGMENTO) C/C E COM SEDAÇAO","Angio-RM Qualquer Segmento","RM","Qualquer Segmento","COM","","com sedação","","SIM",""
"476","RM ANGIOGRAFIA (QQ SEGMENTO) COM SEDAÇAO","Angio-RM Qualquer Segmento","RM","Qualquer Segmento","NAO_INFORMADO","","com sedação","","SIM","contraste não informado no nome"
"477","RM ANGIOGRAFIA (QQ SEGMENTO) S/ CONTRASTE","Angio-RM Qualquer Segmento","RM","Qualquer Segmento","SEM","","","","SIM",""
"478","COLANGIO RESSONANCIA C/C","Angio-RM Vias Biliares","RM","Vias Biliares","COM","","","","SIM",""
"479","COLANGIO RESSONANCIA S/ CONTRASTE","Angio-RM Vias Biliares","RM","Vias Biliares","SEM","","","","SIM",""
"480","RM COLANGIO-RM (HIDRO-RM) (VIAS BILIARES)","Angio-RM Vias Biliares","RM","Vias Biliares","NAO_INFORMADO","","","","SIM","contraste não informado no nome"
"481","ARTRORESSONÂNCIA","Artro-RM Articulação","RM","Articulação","NAO_INFORMADO","","","","SIM","contraste não informado no nome"
"482","RM ARTICULACAO TEMP.MANDIBULAR(BILAT) C/C","RM ATM (Mandíbula)","RM","ATM (Mandíbula)","COM","BILATERAL","","","SIM",""
"483","RM ARTICULACAO TEMP.MANDIBULAR(BILAT) C/C E COM SEDAÇAO","RM ATM (Mandíbula)","RM","ATM (Mandíbula)","COM","BILATERAL","com sedação","","SIM",""
"484","RM ARTICULACAO TEMP.MANDIBULAR(BILAT) COM SEDAÇAO","RM ATM (Mandíbula)","RM","ATM (Mandíbula)","NAO_INFORMADO","BILATERAL","com sedação","","SIM","contraste não informado no nome"
"485","RM ARTICULACAO TEMP.MANDIBULAR(BILAT) S/ CONTRASTE","RM ATM (Mandíbula)","RM","ATM (Mandíbula)","SEM","BILATERAL","","","SIM",""
"486","RM ATM (BILATERAL) - (ARTICULACAO TEMPOROMANDIBULAR)","RM ATM (Mandíbula)","RM","ATM (Mandíbula)","NAO_INFORMADO","BILATERAL","","","SIM","contraste não informado no nome"
"487","RM ATM (BILATERAL) COM CONTRASTE (AD) - (ARTICULACAO TEMPOROMANDIBULAR)","RM ATM (Mandíbula)","RM","ATM (Mandíbula)","COM","BILATERAL","(AD)","","SIM","confirmar significado de AD/PD"
"488","RM ATM (BILATERAL) COM CONTRASTE (PD) - (ARTICULACAO TEMPOROMANDIBULAR)","RM ATM (Mandíbula)","RM","ATM (Mandíbula)","COM","BILATERAL","(PD)","","SIM","confirmar significado de AD/PD"
"489","RM ABD SUPERIOR CC","RM Abdome Superior","RM","Abdome Superior","COM","","","","SIM",""
"490","RM ABD SUPERIOR S CONTRASTE","RM Abdome Superior","RM","Abdome Superior","SEM","","","","SIM",""
"491","RM ABDOMEN SUPERIOR (FIGADO,PANCREAS,BAÇO,RINS,SUPRARENAIS,RETROPERITONICO)","RM Abdome Superior","RM","Abdome Superior","NAO_INFORMADO","","","","SIM","contraste não informado no nome"
"492","RM ABDOMEN SUPERIOR COM CONTRASTE (AD) (FIGADO,PANCREAS,BAÇO,RINS,SUPRARENAIS,RETROPERITONICO)","RM Abdome Superior","RM","Abdome Superior","COM","","(AD)","","SIM","confirmar significado de AD/PD"
"493","RM ABDOMEN SUPERIOR COM CONTRASTE (PD) (FIGADO,PANCREAS,BAÇO,RINS,SUPRARENAIS,RETROPERITONICO)","RM Abdome Superior","RM","Abdome Superior","COM","","(PD)","","SIM","confirmar significado de AD/PD"
"494","RM ABDOMEN SUPERIOR COM CONTRASTE PRIMOVIST","RM Abdome Superior","RM","Abdome Superior","COM","","","","SIM",""
"495","RM ABDOME SUPERIOR + PELVE (ABDOMEN TOTAL)","RM Abdome Total","RM","Abdome Total","NAO_INFORMADO","","","","SIM","contraste não informado no nome"
"496","RM ABDOME SUPERIOR + PELVE (ABDOMEN TOTAL) COM CONTRASTE","RM Abdome Total","RM","Abdome Total","COM","","","","SIM",""
"497","RM ABDOME TOTAL CC","RM Abdome Total","RM","Abdome Total","COM","","","","SIM",""
"498","RM ABDOME TOTAL S CONTRASTE","RM Abdome Total","RM","Abdome Total","SEM","","","","SIM",""
"499","RM ANTEBRAÇO DIREITO (SEG. APENDICULAR) (MS UNILAT. Ñ INCLUI MAO E ARTIC)","RM Antebraço","RM","Antebraço","NAO_INFORMADO","DIREITO","","","SIM","contraste não informado no nome"
"500","RM ANTEBRAÇO DIREITO COM CONTRASTE (AD) - (SEG. APENDICULAR) (MS UNILAT. Ñ INCLUI MAO E ARTIC)","RM Antebraço","RM","Antebraço","COM","DIREITO","(AD)","","SIM","confirmar significado de AD/PD"
"501","RM ANTEBRAÇO DIREITO COM CONTRASTE (PD) - (SEG. APENDICULAR) (MS UNILAT. Ñ INCLUI MAO E ARTIC)","RM Antebraço","RM","Antebraço","COM","DIREITO","(PD)","","SIM","confirmar significado de AD/PD"
"502","RM ANTEBRAÇO ESQUERDO - (SEG. APENDICULAR) (MS UNILAT. Ñ INCLUI MAO E ARTIC)","RM Antebraço","RM","Antebraço","NAO_INFORMADO","ESQUERDO","","","SIM","contraste não informado no nome"
"503","RM ANTEBRAÇO ESQUERDO COM CONTRASTE (AD) - (SEG. APENDICULAR) (MS UNILAT. Ñ INCLUI MAO E ARTIC)","RM Antebraço","RM","Antebraço","COM","ESQUERDO","(AD)","","SIM","confirmar significado de AD/PD"
"504","RM ANTEBRAÇO ESQUERDO COM CONTRASTE (PD) - (SEG. APENDICULAR) (MS UNILAT. Ñ INCLUI MAO E ARTIC)","RM Antebraço","RM","Antebraço","COM","ESQUERDO","(PD)","","SIM","confirmar significado de AD/PD"
"505","RM ARTICULAR CC","RM Articulação","RM","Articulação","COM","","","","SIM",""
"506","RM ARTICULAR S CONTRASTE","RM Articulação","RM","Articulação","SEM","","","","SIM",""
"507","RM ARTICULAR S CONTRASTE - TORN","RM Articulação","RM","Articulação","SEM","","","","SIM",""
"508","RM BACIA (ARTICULAÇOES SACROILIACAS / GLUTEOS)","RM Bacia / Pelve","RM","Bacia / Pelve","NAO_INFORMADO","","","","SIM","contraste não informado no nome"
"509","RM BACIA CC","RM Bacia / Pelve","RM","Bacia / Pelve","COM","","","","SIM",""
"510","RM BACIA COM CONTRASTE (AD) (ARTICULAÇOES SACROILIACAS/GLUTEOS)","RM Bacia / Pelve","RM","Bacia / Pelve","COM","","(AD)","","SIM","confirmar significado de AD/PD"
"511","RM BACIA COM CONTRASTE (PD) (ARTICULAÇOES SACROILIACAS / GLUTEOS)","RM Bacia / Pelve","RM","Bacia / Pelve","COM","","(PD)","","SIM","confirmar significado de AD/PD"
"512","RM BACIA OU PELVE CC","RM Bacia / Pelve","RM","Bacia / Pelve","COM","","","","SIM",""
"513","RM BACIA OU PELVE S CONTRASTE","RM Bacia / Pelve","RM","Bacia / Pelve","SEM","","","","SIM",""
"514","RM BACIA S CONTRASTE","RM Bacia / Pelve","RM","Bacia / Pelve","SEM","","","","SIM",""
"515","RM PELVE CC","RM Bacia / Pelve","RM","Bacia / Pelve","COM","","","","SIM",""
"516","RM PELVE S CONTRASTE","RM Bacia / Pelve","RM","Bacia / Pelve","SEM","","","","SIM",""
"517","RM REGIAO GLUTEA BILATERAL (ARTICULACOES SACROILIACAS)","RM Bacia / Pelve","RM","Bacia / Pelve","NAO_INFORMADO","BILATERAL","","","SIM","contraste não informado no nome"
"518","RM REGIAO GLUTEA BILATERAL COM CONTRASTE (ARTICULACOES SACROILIACAS)","RM Bacia / Pelve","RM","Bacia / Pelve","COM","BILATERAL","","","SIM",""
"519","RM REGIAO SACROILIACA BILATERAL (BACIA)","RM Bacia / Pelve","RM","Bacia / Pelve","NAO_INFORMADO","BILATERAL","","","SIM","contraste não informado no nome"
"520","RM REGIAO SACROILIACA BILATERAL COM CONTRASTE (AD) - (BACIA)","RM Bacia / Pelve","RM","Bacia / Pelve","COM","BILATERAL","(AD)","","SIM","confirmar significado de AD/PD"
"521","RM REGIAO SACROILIACA BILATERAL COM CONTRASTE (PD) - (BACIA)","RM Bacia / Pelve","RM","Bacia / Pelve","COM","BILATERAL","(PD)","","SIM","confirmar significado de AD/PD"
"522","RM BASE DO CRANIO","RM Base do Crânio","RM","Base do Crânio","NAO_INFORMADO","","","","SIM","contraste não informado no nome"
"523","RM BASE DO CRANIO C/C","RM Base do Crânio","RM","Base do Crânio","COM","","","","SIM",""
"524","RM BASE DO CRANIO COM CONTRASTE (AD)","RM Base do Crânio","RM","Base do Crânio","COM","","(AD)","","SIM","confirmar significado de AD/PD"
"525","RM BASE DO CRANIO COM CONTRASTE (PD)","RM Base do Crânio","RM","Base do Crânio","COM","","(PD)","","SIM","confirmar significado de AD/PD"
"526","RM BASE DO CRANIO S/ CONTRASTE","RM Base do Crânio","RM","Base do Crânio","SEM","","","","SIM",""
"527","RM MULTIPARAMETRICA DA BEXIGA","RM Bexiga","RM","Bexiga","NAO_INFORMADO","","","","SIM","contraste não informado no nome"
"528","RM URETROCISTO RESSONANCIA","RM Bexiga","RM","Bexiga","NAO_INFORMADO","","","","SIM","contraste não informado no nome"
"529","RM BOLSA ESCROTAL C/C","RM Bolsa Escrotal (Testículos)","RM","Bolsa Escrotal (Testículos)","COM","","","","SIM",""
"530","RM BOLSA ESCROTAL S/ CONTRASTE","RM Bolsa Escrotal (Testículos)","RM","Bolsa Escrotal (Testículos)","SEM","","","","SIM",""
"531","RM BRAÇO DIREITO (SEG. APENDICULAR) (MS UNILAT. Ñ INCLUI MAO E ARTIC)","RM Braço","RM","Braço","NAO_INFORMADO","DIREITO","","","SIM","contraste não informado no nome"
"532","RM BRAÇO DIREITO COM CONTRASTE (AD) - (SEG. APENDICULAR) (MS UNILAT. Ñ INCLUI MAO E ARTIC)","RM Braço","RM","Braço","COM","DIREITO","(AD)","","SIM","confirmar significado de AD/PD"
"533","RM BRAÇO DIREITO COM CONTRASTE (PD) - (SEG. APENDICULAR) (MS UNILAT. Ñ INCLUI MAO E ARTIC)","RM Braço","RM","Braço","COM","DIREITO","(PD)","","SIM","confirmar significado de AD/PD"
"534","RM BRAÇO ESQUERDO - (SEG. APENDICULAR) (MS UNILAT. Ñ INCLUI MAO E ARTIC)","RM Braço","RM","Braço","NAO_INFORMADO","ESQUERDO","","","SIM","contraste não informado no nome"
"535","RM BRAÇO ESQUERDO COM CONTRASTE (AD) - (SEG. APENDICULAR) (MS UNILAT. Ñ INCLUI MAO E ARTIC)","RM Braço","RM","Braço","COM","ESQUERDO","(AD)","","SIM","confirmar significado de AD/PD"
"536","RM BRAÇO ESQUERDO COM CONTRASTE (PD) - (SEG. APENDICULAR) (MS UNILAT. Ñ INCLUI MAO E ARTIC)","RM Braço","RM","Braço","COM","ESQUERDO","(PD)","","SIM","confirmar significado de AD/PD"
"537","RM MEMBRO SUPERIOR UNIL. C/C","RM Braço (Membro Superior)","RM","Braço (Membro Superior)","COM","UNILATERAL","","","SIM",""
"538","RM MEMBRO SUPERIOR UNIL. S/ CONTRASTE","RM Braço (Membro Superior)","RM","Braço (Membro Superior)","SEM","UNILATERAL","","","SIM",""
"539","RM COLUNA CERVICAL","RM Coluna Cervical","RM","Coluna Cervical","NAO_INFORMADO","","","","SIM","contraste não informado no nome"
"540","RM COLUNA CERVICAL CC","RM Coluna Cervical","RM","Coluna Cervical","COM","","","","SIM",""
"541","RM COLUNA CERVICAL COM CONTRASTE (AD)","RM Coluna Cervical","RM","Coluna Cervical","COM","","(AD)","","SIM","confirmar significado de AD/PD"
"542","RM COLUNA CERVICAL COM CONTRASTE (PD)","RM Coluna Cervical","RM","Coluna Cervical","COM","","(PD)","","SIM","confirmar significado de AD/PD"
"543","RM COLUNA CERVICAL S CONTRASTE","RM Coluna Cervical","RM","Coluna Cervical","SEM","","","","SIM",""
"544","RM COLUNA LOMBAR (LOMBOSSACRA/SACROCOCCIX)","RM Coluna Lombar","RM","Coluna Lombar","NAO_INFORMADO","","","","SIM","contraste não informado no nome"
"545","RM COLUNA LOMBAR COM CONTRASTE (AD) -  (LOMBOSSACRA/SACROCOCCIX)","RM Coluna Lombar","RM","Coluna Lombar","COM","","(AD)","","SIM","confirmar significado de AD/PD"
"546","RM COLUNA LOMBAR COM CONTRASTE (PD) -  (LOMBOSSACRA/SACROCOCCIX)","RM Coluna Lombar","RM","Coluna Lombar","COM","","(PD)","","SIM","confirmar significado de AD/PD"
"547","RM COLUNA LOMBO SACRA CC","RM Coluna Lombar","RM","Coluna Lombar","COM","","","","SIM",""
"548","RM COLUNA LOMBO SACRA S CONTRASTE","RM Coluna Lombar","RM","Coluna Lombar","SEM","","","","SIM",""
"549","RM PLEXO BRAQUIAL (DESF TORACICO/LOMBOSSACRA)","RM Coluna Lombar","RM","Coluna Lombar","NAO_INFORMADO","","","","SIM","contraste não informado no nome"
"550","RM PLEXO BRAQUIAL COM CONTRASTE (AD) - (DESF TORACICO/LOMBOSSACRA)","RM Coluna Lombar","RM","Coluna Lombar","COM","","(AD)","","SIM","confirmar significado de AD/PD"
"551","RM PLEXO BRAQUIAL COM CONTRASTE (PD) - (DESF TORACICO/LOMBOSSACRA)","RM Coluna Lombar","RM","Coluna Lombar","COM","","(PD)","","SIM","confirmar significado de AD/PD"
"552","RM PLEXO LOMBOSSACRAL C/C","RM Coluna Lombar","RM","Coluna Lombar","COM","","","","SIM",""
"553","RM PLEXO LOMBOSSACRAL S/C","RM Coluna Lombar","RM","Coluna Lombar","SEM","","","","SIM",""
"554","RM COLUNA DORSAL (TORACICA)","RM Coluna Torácica","RM","Coluna Torácica","NAO_INFORMADO","","","","SIM","contraste não informado no nome"
"555","RM COLUNA DORSAL (TORACICA) COM CONTRASTE (AD)","RM Coluna Torácica","RM","Coluna Torácica","COM","","(AD)","","SIM","confirmar significado de AD/PD"
"556","RM COLUNA DORSAL (TORACICA) COM CONTRASTE (PD)","RM Coluna Torácica","RM","Coluna Torácica","COM","","(PD)","","SIM","confirmar significado de AD/PD"
"557","RM COLUNA TORACICA CC","RM Coluna Torácica","RM","Coluna Torácica","COM","","","","SIM",""
"558","RM COLUNA TORACICA S CONTRASTE","RM Coluna Torácica","RM","Coluna Torácica","SEM","","","","SIM",""
"559","RM COL CERVICAL DORSAL E LOMBAR CC","RM Coluna Total","RM","Coluna Total","COM","","","","SIM",""
"560","RM COL CERVICAL DORSAL E LOMBAR S CONTRASTE","RM Coluna Total","RM","Coluna Total","SEM","","","","SIM",""
"561","RM CARDIACA (COM CONTRASTE SEM ESTRESSE)","RM Coração","RM","Coração","COM","","com estresse","","SIM",""
"562","RM CORACAO MORFOLOGICO E FUNCIONAL C/C","RM Coração","RM","Coração","COM","","funcional","","SIM",""
"563","RM CORACAO MORFOLOGICO E FUNCIONAL S/ CONTRASTE","RM Coração","RM","Coração","SEM","","funcional","","SIM",""
"564","RM CORACAO MORFOLOGICO E FUNCIONAL+PERFUSAO + ESTRESSE","RM Coração","RM","Coração","NAO_INFORMADO","","funcional, com estresse","","SIM","contraste não informado no nome"
"565","RM CORACAO MORFOLOGICO E FUNCIONAL+PERFUSAO + ESTRESSE C/C","RM Coração","RM","Coração","COM","","funcional, com estresse","","SIM",""
"566","RM CORACAO MORFOLOGICO E FUNCIONAL+PERFUSAO E VIABILIDADE MIOCARDICA","RM Coração","RM","Coração","NAO_INFORMADO","","funcional","","SIM","contraste não informado no nome"
"567","RM CORACAO MORFOLOGICO E FUNCIONAL+PERFUSAO E VIABILIDADE MIOCARDICA C/C","RM Coração","RM","Coração","COM","","funcional","","SIM",""
"568","RM CORACAO OU AORTA C/CINE-RM","RM Coração","RM","Coração","COM","","","","SIM",""
"569","RM CORACAO OU AORTA C/CINE-RM C/C","RM Coração","RM","Coração","COM","","","","SIM",""
"570","RM ARCOS COSTAIS (BILATERAL)","RM Costelas","RM","Costelas","NAO_INFORMADO","BILATERAL","","","SIM","contraste não informado no nome"
"571","RM COTOVELO DIREITO (ARTICULAÇAO)","RM Cotovelo","RM","Cotovelo","NAO_INFORMADO","DIREITO","","","SIM","contraste não informado no nome"
"572","RM COTOVELO DIREITO COM CONTRASTE (AD) - (ARTICULAÇAO)","RM Cotovelo","RM","Cotovelo","COM","DIREITO","(AD)","","SIM","confirmar significado de AD/PD"
"573","RM COTOVELO DIREITO COM CONTRASTE (PD) - (ARTICULAÇAO)","RM Cotovelo","RM","Cotovelo","COM","DIREITO","(PD)","","SIM","confirmar significado de AD/PD"
"574","RM COTOVELO ESQUERDO - (ARTICULAÇAO)","RM Cotovelo","RM","Cotovelo","NAO_INFORMADO","ESQUERDO","","","SIM","contraste não informado no nome"
"575","RM COTOVELO ESQUERDO COM CONTRASTE (AD) - (ARTICULACAO)","RM Cotovelo","RM","Cotovelo","COM","ESQUERDO","(AD)","","SIM","confirmar significado de AD/PD"
"576","RM COTOVELO ESQUERDO COM CONTRASTE (PD) - (ARTICULACAO)","RM Cotovelo","RM","Cotovelo","COM","ESQUERDO","(PD)","","SIM","confirmar significado de AD/PD"
"577","RM COTOVELO OU PUNHO (UNILATERAL) C/C","RM Cotovelo","RM","Cotovelo","COM","UNILATERAL","","","SIM",""
"578","RM COTOVELO OU PUNHO (UNILATERAL) S/ CONTRASTE","RM Cotovelo","RM","Cotovelo","SEM","UNILATERAL","","","SIM",""
"579","RM COXA (UNILATERAL) S/ CONTRASTE","RM Coxa","RM","Coxa","SEM","UNILATERAL","","","SIM",""
"580","RM COXA C/C","RM Coxa","RM","Coxa","COM","","","","SIM",""
"581","RM COXA DIREITA (SEG. APENDICULAR)","RM Coxa","RM","Coxa","NAO_INFORMADO","DIREITO","","","SIM","contraste não informado no nome"
"582","RM COXA DIREITA COM CONTRASTE (AD) - (SEG. APENDICULAR)","RM Coxa","RM","Coxa","COM","DIREITO","(AD)","","SIM","confirmar significado de AD/PD"
"583","RM COXA DIREITA COM CONTRASTE (PD) - (SEG. APENDICULAR)","RM Coxa","RM","Coxa","COM","DIREITO","(PD)","","SIM","confirmar significado de AD/PD"
"584","RM COXA ESQUERDA (SEG. APENDICULAR)","RM Coxa","RM","Coxa","NAO_INFORMADO","ESQUERDO","","","SIM","contraste não informado no nome"
"585","RM COXA ESQUERDA COM CONTRASTE (AD) - (SEG. APENDICULAR)","RM Coxa","RM","Coxa","COM","ESQUERDO","(AD)","","SIM","confirmar significado de AD/PD"
"586","RM COXA ESQUERDA COM CONTRASTE (PD) - (SEG. APENDICULAR)","RM Coxa","RM","Coxa","COM","ESQUERDO","(PD)","","SIM","confirmar significado de AD/PD"
"587","RM COXA S/ CONTRASTE","RM Coxa","RM","Coxa","SEM","","","","SIM",""
"588","RM CRANIO","RM Crânio","RM","Crânio","NAO_INFORMADO","","","","SIM","contraste não informado no nome"
"589","RM CRANIO (ENCEFALO)","RM Crânio","RM","Crânio","NAO_INFORMADO","","","","SIM","contraste não informado no nome"
"590","RM CRANIO (ENCEFALO) COM CONTRASTE (AD)","RM Crânio","RM","Crânio","COM","","(AD)","","SIM","confirmar significado de AD/PD"
"591","RM CRANIO (ENCEFALO) COM CONTRASTE (PD)","RM Crânio","RM","Crânio","COM","","(PD)","","SIM","confirmar significado de AD/PD"
"592","RM CRANIO CC","RM Crânio","RM","Crânio","COM","","","","SIM",""
"593","RM CRANIO S CONTRASTE","RM Crânio","RM","Crânio","SEM","","","","SIM",""
"594","RM PERFUSAO CEREBRAL (INCLUI EXAME BASE)","RM Crânio","RM","Crânio","NAO_INFORMADO","","","","SIM","contraste não informado no nome"
"595","RM PERFUSÃO CEREBRAL COM CONTRASTE (INCLUIR EXAME BASE)","RM Crânio","RM","Crânio","COM","","","","SIM",""
"596","RM 1º DEDO MAO DIREITA (QUIRODACTILO) - (SEGMENTO APENDICULAR)","RM Dedo da Mão","RM","Dedo da Mão","NAO_INFORMADO","DIREITO","1º dedo","","SIM","contraste não informado no nome"
"597","RM 1º DEDO MAO DIREITA COM CONTRASTE (AD) (QUIRODACTILO) - (SEGMENTO APENDICULAR)","RM Dedo da Mão","RM","Dedo da Mão","COM","DIREITO","1º dedo, (AD)","","SIM","confirmar significado de AD/PD"
"598","RM 1º DEDO MAO DIREITA COM CONTRASTE (PD) (QUIRODACTILO) - (SEGMENTO APENDICULAR)","RM Dedo da Mão","RM","Dedo da Mão","COM","DIREITO","1º dedo, (PD)","","SIM","confirmar significado de AD/PD"
"599","RM 1º DEDO MAO ESQUERDA (QUIRODACTILO) - (SEGMENTO APENDICULAR)","RM Dedo da Mão","RM","Dedo da Mão","NAO_INFORMADO","ESQUERDO","1º dedo","","SIM","contraste não informado no nome"
"600","RM 1º DEDO MAO ESQUERDA COM CONTRASTE (AD) (QUIRODACTILO) - (SEGMENTO APENDICULAR)","RM Dedo da Mão","RM","Dedo da Mão","COM","ESQUERDO","1º dedo, (AD)","","SIM","confirmar significado de AD/PD"
"601","RM 1º DEDO MAO ESQUERDA COM CONTRASTE (PD) (QUIRODACTILO) - (SEGMENTO APENDICULAR)","RM Dedo da Mão","RM","Dedo da Mão","COM","ESQUERDO","1º dedo, (PD)","","SIM","confirmar significado de AD/PD"
"602","RM 2º DEDO MAO DIREITA (QUIRODACTILO) - (SEGMENTO APENDICULAR)","RM Dedo da Mão","RM","Dedo da Mão","NAO_INFORMADO","DIREITO","2º dedo","","SIM","contraste não informado no nome"
"603","RM 2º DEDO MAO DIREITA COM CONTRASTE (AD) (QUIRODACTILO) - (SEGMENTO APENDICULAR)","RM Dedo da Mão","RM","Dedo da Mão","COM","DIREITO","2º dedo, (AD)","","SIM","confirmar significado de AD/PD"
"604","RM 2º DEDO MAO DIREITA COM CONTRASTE (PD) (QUIRODACTILO) - (SEGMENTO APENDICULAR)","RM Dedo da Mão","RM","Dedo da Mão","COM","DIREITO","2º dedo, (PD)","","SIM","confirmar significado de AD/PD"
"605","RM 2º DEDO MAO ESQUERDA (QUIRODACTILO) - (SEGMENTO APENDICULAR)","RM Dedo da Mão","RM","Dedo da Mão","NAO_INFORMADO","ESQUERDO","2º dedo","","SIM","contraste não informado no nome"
"606","RM 2º DEDO MAO ESQUERDA COM CONTRASTE (AD) (QUIRODACTILO) - (SEGMENTO APENDICULAR)","RM Dedo da Mão","RM","Dedo da Mão","COM","ESQUERDO","2º dedo, (AD)","","SIM","confirmar significado de AD/PD"
"607","RM 2º DEDO MAO ESQUERDA COM CONTRASTE (PD) (QUIRODACTILO) - (SEGMENTO APENDICULAR)","RM Dedo da Mão","RM","Dedo da Mão","COM","ESQUERDO","2º dedo, (PD)","","SIM","confirmar significado de AD/PD"
"608","RM 3º DEDO MAO DIREITA (QUIRODACTILO) - (SEGMENTO APENDICULAR)","RM Dedo da Mão","RM","Dedo da Mão","NAO_INFORMADO","DIREITO","3º dedo","","SIM","contraste não informado no nome"
"609","RM 3º DEDO MAO DIREITA COM CONTRASTE (AD) (QUIRODACTILO) - (SEGMENTO APENDICULAR)","RM Dedo da Mão","RM","Dedo da Mão","COM","DIREITO","3º dedo, (AD)","","SIM","confirmar significado de AD/PD"
"610","RM 3º DEDO MAO DIREITA COM CONTRASTE (PD) (QUIRODACTILO) - (SEGMENTO APENDICULAR)","RM Dedo da Mão","RM","Dedo da Mão","COM","DIREITO","3º dedo, (PD)","","SIM","confirmar significado de AD/PD"
"611","RM 3º DEDO MAO ESQUERDA (QUIRODACTILO) - (SEGMENTO APENDICULAR)","RM Dedo da Mão","RM","Dedo da Mão","NAO_INFORMADO","ESQUERDO","3º dedo","","SIM","contraste não informado no nome"
"612","RM 3º DEDO MAO ESQUERDA COM CONTRASTE (AD) (QUIRODACTILO) - (SEGMENTO APENDICULAR)","RM Dedo da Mão","RM","Dedo da Mão","COM","ESQUERDO","3º dedo, (AD)","","SIM","confirmar significado de AD/PD"
"613","RM 3º DEDO MAO ESQUERDA COM CONTRASTE (PD) (QUIRODACTILO) - (SEGMENTO APENDICULAR)","RM Dedo da Mão","RM","Dedo da Mão","COM","ESQUERDO","3º dedo, (PD)","","SIM","confirmar significado de AD/PD"
"614","RM 4º DEDO MAO DIREITA (QUIRODACTILO) - (SEGMENTO APENDICULAR)","RM Dedo da Mão","RM","Dedo da Mão","NAO_INFORMADO","DIREITO","4º dedo","","SIM","contraste não informado no nome"
"615","RM 4º DEDO MAO DIREITA COM CONTRASTE (AD) (QUIRODACTILO) - (SEGMENTO APENDICULAR)","RM Dedo da Mão","RM","Dedo da Mão","COM","DIREITO","4º dedo, (AD)","","SIM","confirmar significado de AD/PD"
"616","RM 4º DEDO MAO DIREITA COM CONTRASTE (PD) (QUIRODACTILO) - (SEGMENTO APENDICULAR)","RM Dedo da Mão","RM","Dedo da Mão","COM","DIREITO","4º dedo, (PD)","","SIM","confirmar significado de AD/PD"
"617","RM 4º DEDO MAO ESQUERDA (QUIRODACTILO) - (SEGMENTO APENDICULAR)","RM Dedo da Mão","RM","Dedo da Mão","NAO_INFORMADO","ESQUERDO","4º dedo","","SIM","contraste não informado no nome"
"618","RM 4º DEDO MAO ESQUERDA COM CONTRASTE (AD) (QUIRODACTILO) - (SEGMENTO APENDICULAR)","RM Dedo da Mão","RM","Dedo da Mão","COM","ESQUERDO","4º dedo, (AD)","","SIM","confirmar significado de AD/PD"
"619","RM 4º DEDO MAO ESQUERDA COM CONTRASTE (PD) (QUIRODACTILO) - (SEGMENTO APENDICULAR)","RM Dedo da Mão","RM","Dedo da Mão","COM","ESQUERDO","4º dedo, (PD)","","SIM","confirmar significado de AD/PD"
"620","RM 5º DEDO MAO DIREITA (QUIRODACTILO) - (SEGMENTO APENDICULAR)","RM Dedo da Mão","RM","Dedo da Mão","NAO_INFORMADO","DIREITO","5º dedo","","SIM","contraste não informado no nome"
"621","RM 5º DEDO MAO DIREITA COM CONTRASTE (AD) (QUIRODACTILO) - (SEGMENTO APENDICULAR)","RM Dedo da Mão","RM","Dedo da Mão","COM","DIREITO","5º dedo, (AD)","","SIM","confirmar significado de AD/PD"
"622","RM 5º DEDO MAO DIREITA COM CONTRASTE (PD) (QUIRODACTILO) - (SEGMENTO APENDICULAR)","RM Dedo da Mão","RM","Dedo da Mão","COM","DIREITO","5º dedo, (PD)","","SIM","confirmar significado de AD/PD"
"623","RM 5º DEDO MAO ESQUERDA (QUIRODACTILO) - (SEGMENTO APENDICULAR)","RM Dedo da Mão","RM","Dedo da Mão","NAO_INFORMADO","ESQUERDO","5º dedo","","SIM","contraste não informado no nome"
"624","RM 5º DEDO MAO ESQUERDA COM CONTRASTE (AD) (QUIRODACTILO) - (SEGMENTO APENDICULAR)","RM Dedo da Mão","RM","Dedo da Mão","COM","ESQUERDO","5º dedo, (AD)","","SIM","confirmar significado de AD/PD"
"625","RM 5º DEDO MAO ESQUERDA COM CONTRASTE (PD) (QUIRODACTILO) - (SEGMENTO APENDICULAR)","RM Dedo da Mão","RM","Dedo da Mão","COM","ESQUERDO","5º dedo, (PD)","","SIM","confirmar significado de AD/PD"
"626","RM 1º DEDO PE DIREITO (PODODACTILO) - (ARTICULAÇAO)","RM Dedo do Pé","RM","Dedo do Pé","NAO_INFORMADO","DIREITO","1º dedo","","SIM","contraste não informado no nome"
"627","RM 1º DEDO PE DIREITO COM CONTRASTE (AD) (PODODACTILO) - (ARTICULAÇAO)","RM Dedo do Pé","RM","Dedo do Pé","COM","DIREITO","1º dedo, (AD)","","SIM","confirmar significado de AD/PD"
"628","RM 1º DEDO PE DIREITO COM CONTRASTE (PD) (PODODACTILO) - (ARTICULAÇAO)","RM Dedo do Pé","RM","Dedo do Pé","COM","DIREITO","1º dedo, (PD)","","SIM","confirmar significado de AD/PD"
"629","RM 1º DEDO PE ESQUERDO - HÁLUX (PODODACTILO) - (ARTICULACAO)","RM Dedo do Pé","RM","Dedo do Pé","NAO_INFORMADO","ESQUERDO","1º dedo","","SIM","contraste não informado no nome"
"630","RM 1º DEDO PE ESQUERDO COM CONTRASTE (AD) (PODODACTILO) - (ARTICULAÇAO)","RM Dedo do Pé","RM","Dedo do Pé","COM","ESQUERDO","1º dedo, (AD)","","SIM","confirmar significado de AD/PD"
"631","RM 1º DEDO PE ESQUERDO COM CONTRASTE (PD) (PODODACTILO) - (ARTICULAÇAO)","RM Dedo do Pé","RM","Dedo do Pé","COM","ESQUERDO","1º dedo, (PD)","","SIM","confirmar significado de AD/PD"
"632","RM 2º DEDO PE DIREITO (PODODACTILO) - (ARTICULAÇAO)","RM Dedo do Pé","RM","Dedo do Pé","NAO_INFORMADO","DIREITO","2º dedo","","SIM","contraste não informado no nome"
"633","RM 2º DEDO PE DIREITO COM CONTRASTE (AD) (PODODACTILO) - (ARTICULAÇAO)","RM Dedo do Pé","RM","Dedo do Pé","COM","DIREITO","2º dedo, (AD)","","SIM","confirmar significado de AD/PD"
"634","RM 2º DEDO PE DIREITO COM CONTRASTE (PD) (PODODACTILO) - (ARTICULAÇAO)","RM Dedo do Pé","RM","Dedo do Pé","COM","DIREITO","2º dedo, (PD)","","SIM","confirmar significado de AD/PD"
"635","RM 2º DEDO PE ESQUERDO (PODODACTILO) - (ARTICULACAO)","RM Dedo do Pé","RM","Dedo do Pé","NAO_INFORMADO","ESQUERDO","2º dedo","","SIM","contraste não informado no nome"
"636","RM 2º DEDO PE ESQUERDO COM CONTRASTE (AD) (PODODACTILO) - (ARTICULAÇAO)","RM Dedo do Pé","RM","Dedo do Pé","COM","ESQUERDO","2º dedo, (AD)","","SIM","confirmar significado de AD/PD"
"637","RM 2º DEDO PE ESQUERDO COM CONTRASTE (PD) (PODODACTILO) - (ARTICULAÇAO)","RM Dedo do Pé","RM","Dedo do Pé","COM","ESQUERDO","2º dedo, (PD)","","SIM","confirmar significado de AD/PD"
"638","RM 3º DEDO PE DIREITO (PODODACTILO) - (ARTICULACAO)","RM Dedo do Pé","RM","Dedo do Pé","NAO_INFORMADO","DIREITO","3º dedo","","SIM","contraste não informado no nome"
"639","RM 3º DEDO PE DIREITO COM CONTRASTE (AD) (PODODACTILO) - (ARTICULAÇAO)","RM Dedo do Pé","RM","Dedo do Pé","COM","DIREITO","3º dedo, (AD)","","SIM","confirmar significado de AD/PD"
"640","RM 3º DEDO PE DIREITO COM CONTRASTE (PD) (PODODACTILO) - (ARTICULAÇAO)","RM Dedo do Pé","RM","Dedo do Pé","COM","DIREITO","3º dedo, (PD)","","SIM","confirmar significado de AD/PD"
"641","RM 3º DEDO PE ESQUERDO (PODODACTILO) - (ARTICULACAO)","RM Dedo do Pé","RM","Dedo do Pé","NAO_INFORMADO","ESQUERDO","3º dedo","","SIM","contraste não informado no nome"
"642","RM 3º DEDO PE ESQUERDO COM CONTRASTE (AD) (PODODACTILO) - (ARTICULAÇAO)","RM Dedo do Pé","RM","Dedo do Pé","COM","ESQUERDO","3º dedo, (AD)","","SIM","confirmar significado de AD/PD"
"643","RM 3º DEDO PE ESQUERDO COM CONTRASTE (PD) (PODODACTILO) - (ARTICULAÇAO)","RM Dedo do Pé","RM","Dedo do Pé","COM","ESQUERDO","3º dedo, (PD)","","SIM","confirmar significado de AD/PD"
"644","RM 4º DEDO PE DIREITO (PODODACTILO) - (ARTICULAÇAO)","RM Dedo do Pé","RM","Dedo do Pé","NAO_INFORMADO","DIREITO","4º dedo","","SIM","contraste não informado no nome"
"645","RM 4º DEDO PE DIREITO COM CONTRASTE (AD) (PODODACTILO) - (ARTICULAÇAO)","RM Dedo do Pé","RM","Dedo do Pé","COM","DIREITO","4º dedo, (AD)","","SIM","confirmar significado de AD/PD"
"646","RM 4º DEDO PE DIREITO COM CONTRASTE (PD) (PODODACTILO) - (ARTICULAÇAO)","RM Dedo do Pé","RM","Dedo do Pé","COM","DIREITO","4º dedo, (PD)","","SIM","confirmar significado de AD/PD"
"647","RM 4º DEDO PE ESQUERDO (PODODACTILO) - (ARTICULACAO)","RM Dedo do Pé","RM","Dedo do Pé","NAO_INFORMADO","ESQUERDO","4º dedo","","SIM","contraste não informado no nome"
"648","RM 4º DEDO PE ESQUERDO COM CONTRASTE (AD) (PODODACTILO) - (ARTICULAÇAO)","RM Dedo do Pé","RM","Dedo do Pé","COM","ESQUERDO","4º dedo, (AD)","","SIM","confirmar significado de AD/PD"
"649","RM 4º DEDO PE ESQUERDO COM CONTRASTE (PD) (PODODACTILO) - (ARTICULAÇAO)","RM Dedo do Pé","RM","Dedo do Pé","COM","ESQUERDO","4º dedo, (PD)","","SIM","confirmar significado de AD/PD"
"650","RM 5º DEDO PE DIREITO (PODODACTILO) - (ARTICULACAO)","RM Dedo do Pé","RM","Dedo do Pé","NAO_INFORMADO","DIREITO","5º dedo","","SIM","contraste não informado no nome"
"651","RM 5º DEDO PE DIREITO COM CONTRASTE (AD) (PODODACTILO) - (ARTICULAÇAO)","RM Dedo do Pé","RM","Dedo do Pé","COM","DIREITO","5º dedo, (AD)","","SIM","confirmar significado de AD/PD"
"652","RM 5º DEDO PE DIREITO COM CONTRASTE (PD) (PODODACTILO) - (ARTICULAÇAO)","RM Dedo do Pé","RM","Dedo do Pé","COM","DIREITO","5º dedo, (PD)","","SIM","confirmar significado de AD/PD"
"653","RM 5º DEDO PE ESQUERDO (PODODACTILO) - (ARTICULACAO)","RM Dedo do Pé","RM","Dedo do Pé","NAO_INFORMADO","ESQUERDO","5º dedo","","SIM","contraste não informado no nome"
"654","RM 5º DEDO PE ESQUERDO COM CONTRASTE (AD) (PODODACTILO) - (ARTICULAÇAO)","RM Dedo do Pé","RM","Dedo do Pé","COM","ESQUERDO","5º dedo, (AD)","","SIM","confirmar significado de AD/PD"
"655","RM 5º DEDO PE ESQUERDO COM CONTRASTE (PD) (PODODACTILO) - (ARTICULAÇAO)","RM Dedo do Pé","RM","Dedo do Pé","COM","ESQUERDO","5º dedo, (PD)","","SIM","confirmar significado de AD/PD"
"656","RM DEFECO RESSONANCIA","RM Defecografia","RM","Defecografia","NAO_INFORMADO","","","","SIM","contraste não informado no nome"
"657","RM ESTERNOCLAVICULAR - (ARTICULACAO)","RM Esternoclavicular","RM","Esternoclavicular","NAO_INFORMADO","","","","SIM","contraste não informado no nome"
"658","RM ESTERNOCLAVICULAR COM CONTRASTE - (ARTICULACAO)","RM Esternoclavicular","RM","Esternoclavicular","COM","","","","SIM",""
"659","RM FACE (SEIOS DA FACE)","RM Face / Seios da Face","RM","Face / Seios da Face","NAO_INFORMADO","","","","SIM","contraste não informado no nome"
"660","RM FACE (SEIOS DA FACE) COM CONTRASTE (AD)","RM Face / Seios da Face","RM","Face / Seios da Face","COM","","(AD)","","SIM","confirmar significado de AD/PD"
"661","RM FACE (SEIOS DA FACE) COM CONTRASTE (PD)","RM Face / Seios da Face","RM","Face / Seios da Face","COM","","(PD)","","SIM","confirmar significado de AD/PD"
"662","RM FACE C/ CONTRASTE","RM Face / Seios da Face","RM","Face / Seios da Face","COM","","","","SIM",""
"663","RM FACE C/C","RM Face / Seios da Face","RM","Face / Seios da Face","COM","","","","SIM",""
"664","RM FACE S/ CONTRASTE","RM Face / Seios da Face","RM","Face / Seios da Face","SEM","","","","SIM",""
"665","RM ABD SUPERIOR C CONTRASTE HEPATO ESPECIFICO","RM Fígado","RM","Fígado","COM","","","","SIM",""
"666","RM ABD TOTAL C CONTRASTE HEPATO ESPECIFICO","RM Fígado","RM","Fígado","COM","","","","SIM",""
"667","RM ABDOMEN SUPERIOR/FERRO HEPATICO","RM Fígado","RM","Fígado","NAO_INFORMADO","","","","SIM","contraste não informado no nome"
"668","ENTERO RESSONANCIA","RM Intestino (Entero)","RM","Intestino (Entero)","NAO_INFORMADO","","","","SIM","contraste não informado no nome"
"669","RM ABD SUPERIOR CC - ENTERO RM","RM Intestino (Entero)","RM","Intestino (Entero)","COM","","","","SIM",""
"670","RM ABD SUPERIOR S CONTRASTE - ENTERO RM","RM Intestino (Entero)","RM","Intestino (Entero)","SEM","","","","SIM",""
"671","RM ABDOME TOTAL CC - ENTERO","RM Intestino (Entero)","RM","Intestino (Entero)","COM","","","","SIM",""
"672","RM ENTERO","RM Intestino (Entero)","RM","Intestino (Entero)","NAO_INFORMADO","","","","SIM","contraste não informado no nome"
"673","RM ENTERO COM CONTRASTE","RM Intestino (Entero)","RM","Intestino (Entero)","COM","","","","SIM",""
"674","RM PELVE CC - ENTERO RM","RM Intestino (Entero)","RM","Intestino (Entero)","COM","","","","SIM",""
"675","RM PELVE S CONTRASTE - ENTERO RM","RM Intestino (Entero)","RM","Intestino (Entero)","SEM","","","","SIM",""
"676","RM ARTICULAR CC - JOELHO","RM Joelho","RM","Joelho","COM","","","","SIM",""
"677","RM ARTICULAR S CONTRASTE - JOELHO","RM Joelho","RM","Joelho","SEM","","","","SIM",""
"678","RM JOELHO (UNILATERAL) C/C","RM Joelho","RM","Joelho","COM","UNILATERAL","","","SIM",""
"679","RM JOELHO (UNILATERAL) S/ CONTRASTE","RM Joelho","RM","Joelho","SEM","UNILATERAL","","","SIM",""
"680","RM JOELHO DIREITO (ARTICULAÇAO)","RM Joelho","RM","Joelho","NAO_INFORMADO","DIREITO","","","SIM","contraste não informado no nome"
"681","RM JOELHO DIREITO COM CONTRASTE (AD) - (ARTICULAÇAO)","RM Joelho","RM","Joelho","COM","DIREITO","(AD)","","SIM","confirmar significado de AD/PD"
"682","RM JOELHO DIREITO COM CONTRASTE (PD) - (ARTICULAÇAO)","RM Joelho","RM","Joelho","COM","DIREITO","(PD)","","SIM","confirmar significado de AD/PD"
"683","RM JOELHO ESQUERDO - (ARTICULACAO)","RM Joelho","RM","Joelho","NAO_INFORMADO","ESQUERDO","","","SIM","contraste não informado no nome"
"684","RM JOELHO ESQUERDO COM CONTRASTE (AD) - (ARTICULACAO)","RM Joelho","RM","Joelho","COM","ESQUERDO","(AD)","","SIM","confirmar significado de AD/PD"
"685","RM JOELHO ESQUERDO COM CONTRASTE (PD) - (ARTICULACAO)","RM Joelho","RM","Joelho","COM","ESQUERDO","(PD)","","SIM","confirmar significado de AD/PD"
"686","RM MAMA (BILATERAL) S/ CONTRASTE","RM Mamas","RM","Mamas","SEM","BILATERAL","","","SIM",""
"687","RM MAMA (UNILATERAL) C/C","RM Mamas","RM","Mamas","COM","UNILATERAL","","","SIM",""
"688","RM MAMA (UNILATERAL) S/ CONTRASTE","RM Mamas","RM","Mamas","SEM","UNILATERAL","","","SIM",""
"689","RM MAMA BILATERAL (COM CONTRASTE)","RM Mamas","RM","Mamas","COM","BILATERAL","","","SIM",""
"690","RM MAMA BILATERAL (SEM CONTRASTE)","RM Mamas","RM","Mamas","SEM","BILATERAL","","","SIM",""
"691","RM MAMA C/C","RM Mamas","RM","Mamas","COM","","","","SIM",""
"692","RM MAMA C/C (BILATERAL)","RM Mamas","RM","Mamas","COM","BILATERAL","","","SIM",""
"693","RM MAMA S/ CONTRASTE","RM Mamas","RM","Mamas","SEM","","","","SIM",""
"694","RM SEGM. APENDICULAR (UNILATERAL) C/C","RM Membros (Braço ou Perna)","RM","Membros (Braço ou Perna)","COM","UNILATERAL","","","SIM",""
"695","RM SEGM. APENDICULAR (UNILATERAL) S/ CONTRASTE","RM Membros (Braço ou Perna)","RM","Membros (Braço ou Perna)","SEM","UNILATERAL","","","SIM",""
"696","RM SEGM. APENDICULAR S/ CONTRASTE","RM Membros (Braço ou Perna)","RM","Membros (Braço ou Perna)","SEM","","","","SIM",""
"697","RM MAO C/C","RM Mão","RM","Mão","COM","","","","SIM",""
"698","RM MAO DIREITA (SEG. APENDICULAR)","RM Mão","RM","Mão","NAO_INFORMADO","DIREITO","","","SIM","contraste não informado no nome"
"699","RM MAO DIREITA COM CONTRASTE (AD) - (SEG. APENDICULAR)","RM Mão","RM","Mão","COM","DIREITO","(AD)","","SIM","confirmar significado de AD/PD"
"700","RM MAO DIREITA COM CONTRASTE (PD) - (SEG. APENDICULAR)","RM Mão","RM","Mão","COM","DIREITO","(PD)","","SIM","confirmar significado de AD/PD"
"701","RM MAO ESQUERDA (SEG. APENDICULAR)","RM Mão","RM","Mão","NAO_INFORMADO","ESQUERDO","","","SIM","contraste não informado no nome"
"702","RM MAO ESQUERDA COM CONTRASTE (AD) - (SEG. APENDICULAR)","RM Mão","RM","Mão","COM","ESQUERDO","(AD)","","SIM","confirmar significado de AD/PD"
"703","RM MAO ESQUERDA COM CONTRASTE (PD) - (SEG. APENDICULAR)","RM Mão","RM","Mão","COM","ESQUERDO","(PD)","","SIM","confirmar significado de AD/PD"
"704","RM MAO S/ CONTRASTE","RM Mão","RM","Mão","SEM","","","","SIM",""
"705","RM FETAL","RM Obstétrica (Gestação)","RM","Obstétrica (Gestação)","NAO_INFORMADO","","","","SIM","contraste não informado no nome"
"706","RM ARTICULAR CC - OMBRO","RM Ombro","RM","Ombro","COM","","","","SIM",""
"707","RM ARTICULAR S CONTRASTE - OMBRO","RM Ombro","RM","Ombro","SEM","","","","SIM",""
"708","RM OMBRO (UNILATERAL) C/C","RM Ombro","RM","Ombro","COM","UNILATERAL","","","SIM",""
"709","RM OMBRO (UNILATERAL) S/ CONTRASTE","RM Ombro","RM","Ombro","SEM","UNILATERAL","","","SIM",""
"710","RM OMBRO DIREITO - (ARTICULAÇAO)","RM Ombro","RM","Ombro","NAO_INFORMADO","DIREITO","","","SIM","contraste não informado no nome"
"711","RM OMBRO DIREITO COM CONTRASTE (AD) - (ARTICULAÇAO)","RM Ombro","RM","Ombro","COM","DIREITO","(AD)","","SIM","confirmar significado de AD/PD"
"712","RM OMBRO DIREITO COM CONTRASTE (PD) - (ARTICULAÇAO)","RM Ombro","RM","Ombro","COM","DIREITO","(PD)","","SIM","confirmar significado de AD/PD"
"713","RM OMBRO ESQUERDO - (ARTICULACAO)","RM Ombro","RM","Ombro","NAO_INFORMADO","ESQUERDO","","","SIM","contraste não informado no nome"
"714","RM OMBRO ESQUERDO COM CONTRASTE (AD) - (ARTICULACAO)","RM Ombro","RM","Ombro","COM","ESQUERDO","(AD)","","SIM","confirmar significado de AD/PD"
"715","RM OMBRO ESQUERDO COM CONTRASTE (PD) - (ARTICULACAO)","RM Ombro","RM","Ombro","COM","ESQUERDO","(PD)","","SIM","confirmar significado de AD/PD"
"716","RM CAI COM CONTRASTE (PD) - (OUVIDOS / MASTÓIDES / ROCHEDOS)","RM Ouvidos (Ossos Temporais)","RM","Ouvidos (Ossos Temporais)","COM","","(PD)","","SIM","confirmar significado de AD/PD"
"717","RM CAI OU OSSOS TEMPORAIS - (OUVIDOS / MASTÓIDES / ROCHEDOS)","RM Ouvidos (Ossos Temporais)","RM","Ouvidos (Ossos Temporais)","NAO_INFORMADO","","","","SIM","contraste não informado no nome"
"718","RM CAI OU OSSOS TEMPORAIS COM CONTRASTE-  (OUVIDOS / MASTÓIDES / ROCHEDOS)","RM Ouvidos (Ossos Temporais)","RM","Ouvidos (Ossos Temporais)","COM","","","","SIM",""
"719","RM OSSOS TEMPORAIS (BILATERAL)","RM Ouvidos (Ossos Temporais)","RM","Ouvidos (Ossos Temporais)","NAO_INFORMADO","BILATERAL","","","SIM","contraste não informado no nome"
"720","RM OSSOS TEMPORAIS C/C","RM Ouvidos (Ossos Temporais)","RM","Ouvidos (Ossos Temporais)","COM","","","","SIM",""
"721","RM OSSOS TEMPORAIS COM CONTRASTE (AD) - (BILATERAL)","RM Ouvidos (Ossos Temporais)","RM","Ouvidos (Ossos Temporais)","COM","BILATERAL","(AD)","","SIM","confirmar significado de AD/PD"
"722","RM OSSOS TEMPORAIS COM CONTRASTE (PD) - (BILATERAL)","RM Ouvidos (Ossos Temporais)","RM","Ouvidos (Ossos Temporais)","COM","BILATERAL","(PD)","","SIM","confirmar significado de AD/PD"
"723","RM OSSOS TEMPORAIS S/ CONTRASTE","RM Ouvidos (Ossos Temporais)","RM","Ouvidos (Ossos Temporais)","SEM","","","","SIM",""
"724","RM PANTURRILHA DIREITA (SEG. APENDICULAR)","RM Perna","RM","Perna","NAO_INFORMADO","DIREITO","","","SIM","contraste não informado no nome"
"725","RM PANTURRILHA DIREITA COM CONTRASTE (AD) - (SEG. APENDICULAR)","RM Perna","RM","Perna","COM","DIREITO","(AD)","","SIM","confirmar significado de AD/PD"
"726","RM PANTURRILHA DIREITA COM CONTRASTE (PD) - (SEG. APENDICULAR)","RM Perna","RM","Perna","COM","DIREITO","(PD)","","SIM","confirmar significado de AD/PD"
"727","RM PANTURRILHA ESQUERDA - (SEG. APENDICULAR)","RM Perna","RM","Perna","NAO_INFORMADO","ESQUERDO","","","SIM","contraste não informado no nome"
"728","RM PANTURRILHA ESQUERDA COM CONTRASTE (AD) - (SEG. APENDICULAR)","RM Perna","RM","Perna","COM","ESQUERDO","(AD)","","SIM","confirmar significado de AD/PD"
"729","RM PANTURRILHA ESQUERDA COM CONTRASTE (PD) - (SEG. APENDICULAR)","RM Perna","RM","Perna","COM","ESQUERDO","(PD)","","SIM","confirmar significado de AD/PD"
"730","RM PERNA CC","RM Perna","RM","Perna","COM","","","","SIM",""
"731","RM PERNA DIREITA (SEG. APENDICULAR)","RM Perna","RM","Perna","NAO_INFORMADO","DIREITO","","","SIM","contraste não informado no nome"
"732","RM PERNA DIREITA COM CONTRASTE (AD) - (SEG. APENDICULAR)","RM Perna","RM","Perna","COM","DIREITO","(AD)","","SIM","confirmar significado de AD/PD"
"733","RM PERNA DIREITA COM CONTRASTE (PD) - (SEG. APENDICULAR)","RM Perna","RM","Perna","COM","DIREITO","(PD)","","SIM","confirmar significado de AD/PD"
"734","RM PERNA ESQUERDA - (SEG. APENDICULAR)","RM Perna","RM","Perna","NAO_INFORMADO","ESQUERDO","","","SIM","contraste não informado no nome"
"735","RM PERNA ESQUERDA COM CONTRASTE (AD) - (SEG. APENDICULAR)","RM Perna","RM","Perna","COM","ESQUERDO","(AD)","","SIM","confirmar significado de AD/PD"
"736","RM PERNA ESQUERDA COM CONTRASTE (PD) - (SEG. APENDICULAR)","RM Perna","RM","Perna","COM","ESQUERDO","(PD)","","SIM","confirmar significado de AD/PD"
"737","RM PERNA S CONTRASTE","RM Perna","RM","Perna","SEM","","","","SIM",""
"738","RM TENDAO AQUILES DIREITO (CALCANEO)","RM Perna","RM","Perna","NAO_INFORMADO","DIREITO","","","SIM","contraste não informado no nome"
"739","RM TENDAO AQUILES DIREITO COM CONTRASTE (AD) - (CALCANEO)","RM Perna","RM","Perna","COM","DIREITO","(AD)","","SIM","confirmar significado de AD/PD"
"740","RM TENDAO AQUILES DIREITO COM CONTRASTE (PD) - (CALCANEO)","RM Perna","RM","Perna","COM","DIREITO","(PD)","","SIM","confirmar significado de AD/PD"
"741","RM TENDAO AQUILES ESQUERDO (CALCANEO)","RM Perna","RM","Perna","NAO_INFORMADO","ESQUERDO","","","SIM","contraste não informado no nome"
"742","RM TENDAO AQUILES ESQUERDO COM CONTRASTE (AD) - (CALCANEO)","RM Perna","RM","Perna","COM","ESQUERDO","(AD)","","SIM","confirmar significado de AD/PD"
"743","RM TENDAO AQUILES ESQUERDO COM CONTRASTE (PD) - (CALCANEO)","RM Perna","RM","Perna","COM","ESQUERDO","(PD)","","SIM","confirmar significado de AD/PD"
"744","RM MEMBRO INFERIOR (UNILATERAL) C/C","RM Perna (Membro Inferior)","RM","Perna (Membro Inferior)","COM","UNILATERAL","","","SIM",""
"745","RM MEMBRO INFERIOR (UNILATERAL) S/ CONTRASTE","RM Perna (Membro Inferior)","RM","Perna (Membro Inferior)","SEM","UNILATERAL","","","SIM",""
"746","RM PESCOCO CC","RM Pescoço","RM","Pescoço","COM","","","","SIM",""
"747","RM PESCOCO S CONTRASTE","RM Pescoço","RM","Pescoço","SEM","","","","SIM",""
"748","RM PESCOÇO (NASO,LARIN,TIRE,TRAQ,RINO,PARAT)","RM Pescoço","RM","Pescoço","NAO_INFORMADO","","","","SIM","contraste não informado no nome"
"749","RM PESCOÇO COM CONTRASTE (AD) - (NASO,LARIN,TIRE,TRAQ,RINO,PARAT)","RM Pescoço","RM","Pescoço","COM","","(AD)","","SIM","confirmar significado de AD/PD"
"750","RM PESCOÇO COM CONTRASTE (PD) - (NASO,LARIN,TIR (NASO,LARIN,TIRE,TRAQ,RINO,PARAT)","RM Pescoço","RM","Pescoço","COM","","(PD)","","SIM","confirmar significado de AD/PD"
"751","RM PLEXO BRAQUIAL/ LOMBAR (UNILATERAL) C/C","RM Plexo Nervoso","RM","Plexo Nervoso","COM","UNILATERAL","","","SIM",""
"752","RM PLEXO BRAQUIAL/ LOMBAR (UNILATERAL) S/ CONTRASTE","RM Plexo Nervoso","RM","Plexo Nervoso","SEM","UNILATERAL","","","SIM",""
"753","RM MULTIPARAMETRICA DA PROSTATA","RM Próstata","RM","Próstata","NAO_INFORMADO","","","","SIM","contraste não informado no nome"
"754","RM PELVE - MULTIPARAMETRICA DA PROSTATA","RM Próstata","RM","Próstata","NAO_INFORMADO","","","","SIM","contraste não informado no nome"
"755","RM PELVE - MULTIPARAMETRICA DA PROSTATA S/C","RM Próstata","RM","Próstata","SEM","","","","SIM",""
"756","RM PELVE/ PROSTATA (PUBIS / SINFISE PUBICA)","RM Próstata","RM","Próstata","NAO_INFORMADO","","","","SIM","contraste não informado no nome"
"757","RM PELVE/ PROSTATA (PUBIS / SINFISE PUBICA) COM CONTRASTE (AD)","RM Próstata","RM","Próstata","COM","","(AD)","","SIM","confirmar significado de AD/PD"
"758","RM PELVE/ PROSTATA (PUBIS / SINFISE PUBICA) COM CONTRASTE (PD)","RM Próstata","RM","Próstata","COM","","(PD)","","SIM","confirmar significado de AD/PD"
"759","RM PROSTATA MULTIPARAMETRICA C/C","RM Próstata","RM","Próstata","COM","","","","SIM",""
"760","RM PROSTATA MULTIPARAMETRICA COM CONTRASTE","RM Próstata","RM","Próstata","COM","","","","SIM",""
"761","RM TORAX (ESTERNO,MEDIASTINO, PULMAO)","RM Pulmão (Vasos)","RM","Pulmão (Vasos)","NAO_INFORMADO","","","","SIM","contraste não informado no nome"
"762","RM TORAX COM CONTRASTE (AD) - (ESTERNO,MEDIASTINO, PULMAO)","RM Pulmão (Vasos)","RM","Pulmão (Vasos)","COM","","(AD)","","SIM","confirmar significado de AD/PD"
"763","RM TORAX COM CONTRASTE (PD) - (ESTERNO,MEDIASTINO, PULMAO)","RM Pulmão (Vasos)","RM","Pulmão (Vasos)","COM","","(PD)","","SIM","confirmar significado de AD/PD"
"764","RM PUNHO DIREITO (ARTICULAÇAO)","RM Punho","RM","Punho","NAO_INFORMADO","DIREITO","","","SIM","contraste não informado no nome"
"765","RM PUNHO DIREITO COM CONTRASTE (AD) - (ARTICULAÇAO)","RM Punho","RM","Punho","COM","DIREITO","(AD)","","SIM","confirmar significado de AD/PD"
"766","RM PUNHO DIREITO COM CONTRASTE (PD) - (ARTICULAÇAO)","RM Punho","RM","Punho","COM","DIREITO","(PD)","","SIM","confirmar significado de AD/PD"
"767","RM PUNHO ESQUERDO - (ARTICULACAO)","RM Punho","RM","Punho","NAO_INFORMADO","ESQUERDO","","","SIM","contraste não informado no nome"
"768","RM PUNHO ESQUERDO COM CONTRASTE (AD) - (ARTICULACAO)","RM Punho","RM","Punho","COM","ESQUERDO","(AD)","","SIM","confirmar significado de AD/PD"
"769","RM PUNHO ESQUERDO COM CONTRASTE (PD) - (ARTICULACAO)","RM Punho","RM","Punho","COM","ESQUERDO","(PD)","","SIM","confirmar significado de AD/PD"
"770","RM PE CC","RM Pé","RM","Pé","COM","","","","SIM",""
"771","RM PE S CONTRASTE","RM Pé","RM","Pé","SEM","","","","SIM",""
"772","RM PENIS CC","RM Pênis","RM","Pênis","COM","","","","SIM",""
"773","RM PENIS S CONTRASTE","RM Pênis","RM","Pênis","SEM","","","","SIM",""
"774","RM COXO-FEMURAL (UNILATERAL) S/ CONTRASTE","RM Quadril","RM","Quadril","SEM","UNILATERAL","","","SIM",""
"775","RM COXO-FEMURAL C/C (UNILATERAL)","RM Quadril","RM","Quadril","COM","UNILATERAL","","","SIM",""
"776","RM COXOFEMORAL DIREITO (QUADRIL) - (ARTICULAÇAO)","RM Quadril","RM","Quadril","NAO_INFORMADO","DIREITO","","","SIM","contraste não informado no nome"
"777","RM COXOFEMORAL DIREITO COM CONTRASTE (AD) (QUADRIL)- (ARTICULAÇAO)","RM Quadril","RM","Quadril","COM","DIREITO","(AD)","","SIM","confirmar significado de AD/PD"
"778","RM COXOFEMORAL DIREITO COM CONTRASTE (PD) (QUADRIL) - (ARTICULAÇAO)","RM Quadril","RM","Quadril","COM","DIREITO","(PD)","","SIM","confirmar significado de AD/PD"
"779","RM COXOFEMORAL ESQUERDA (QUADRIL) - (ARTICULACAO)","RM Quadril","RM","Quadril","NAO_INFORMADO","ESQUERDO","","","SIM","contraste não informado no nome"
"780","RM COXOFEMORAL ESQUERDA COM CONTRASTE (AD) (QUADRIL)- (ARTICULACAO)","RM Quadril","RM","Quadril","COM","ESQUERDO","(AD)","","SIM","confirmar significado de AD/PD"
"781","RM COXOFEMORAL ESQUERDA COM CONTRASTE (PD) (QUADRIL) - (ARTICULACAO)","RM Quadril","RM","Quadril","COM","ESQUERDO","(PD)","","SIM","confirmar significado de AD/PD"
"782","RM QQ SEGMENTO C/C","RM Qualquer Segmento","RM","Qualquer Segmento","COM","","","","SIM",""
"783","RM QQ SEGMENTO S/ CONTRASTE","RM Qualquer Segmento","RM","Qualquer Segmento","SEM","","","","SIM",""
"784","RM QUADRIL DIREITO (INGUINAL) (ARTICULAÇAO)","RM Região Inguinal (Hérnia)","RM","Região Inguinal (Hérnia)","NAO_INFORMADO","DIREITO","","","SIM","contraste não informado no nome"
"785","RM QUADRIL DIREITO (INGUINAL) COM CONTRASTE (AD) - (ARTICULAÇAO)","RM Região Inguinal (Hérnia)","RM","Região Inguinal (Hérnia)","COM","DIREITO","(AD)","","SIM","confirmar significado de AD/PD"
"786","RM QUADRIL DIREITO (INGUINAL) COM CONTRASTE (PD) - (ARTICULAÇAO)","RM Região Inguinal (Hérnia)","RM","Região Inguinal (Hérnia)","COM","DIREITO","(PD)","","SIM","confirmar significado de AD/PD"
"787","RM QUADRIL ESQUERDO (INGUINAL) (ARTICULAÇAO)","RM Região Inguinal (Hérnia)","RM","Região Inguinal (Hérnia)","NAO_INFORMADO","ESQUERDO","","","SIM","contraste não informado no nome"
"788","RM QUADRIL ESQUERDO (INGUINAL) COM CONTRASTE (AD) - (ARTICULAÇAO)","RM Região Inguinal (Hérnia)","RM","Região Inguinal (Hérnia)","COM","ESQUERDO","(AD)","","SIM","confirmar significado de AD/PD"
"789","RM QUADRIL ESQUERDO (INGUINAL) COM CONTRASTE (PD) - (ARTICULAÇAO)","RM Região Inguinal (Hérnia)","RM","Região Inguinal (Hérnia)","COM","ESQUERDO","(PD)","","SIM","confirmar significado de AD/PD"
"790","RM SELA TURCICA (HIPOFISE)","RM Sela Túrcica","RM","Sela Túrcica","NAO_INFORMADO","","","","SIM","contraste não informado no nome"
"791","RM SELA TURCICA (HIPOFISE) COM CONTRASTE (AD)","RM Sela Túrcica","RM","Sela Túrcica","COM","","(AD)","","SIM","confirmar significado de AD/PD"
"792","RM SELA TURCICA (HIPOFISE) COM CONTRASTE (PD)","RM Sela Túrcica","RM","Sela Túrcica","COM","","(PD)","","SIM","confirmar significado de AD/PD"
"793","RM SELA TURCICA CC","RM Sela Túrcica","RM","Sela Túrcica","COM","","","","SIM",""
"794","RM SELA TURCICA S CONTRASTE","RM Sela Túrcica","RM","Sela Túrcica","SEM","","","","SIM",""
"795","RM ARTICULAR CC - TORNOZELO","RM Tornozelo","RM","Tornozelo","COM","","","","SIM",""
"796","RM PE DIREITO (ANTEPE) - (NAO INCLUI TORNOZELO)","RM Tornozelo","RM","Tornozelo","NAO_INFORMADO","DIREITO","","","SIM","contraste não informado no nome"
"797","RM PE DIREITO COM CONTRASTE (AD) - (ANTEPE) (NAO INCLUI TORNOZELO)","RM Tornozelo","RM","Tornozelo","COM","DIREITO","(AD)","","SIM","confirmar significado de AD/PD"
"798","RM PE DIREITO COM CONTRASTE (PD) - (ANTEPE) (NAO INCLUI TORNOZELO)","RM Tornozelo","RM","Tornozelo","COM","DIREITO","(PD)","","SIM","confirmar significado de AD/PD"
"799","RM PE ESQUERDO (ANTEPE) - (NAO INCLUI TORNOZELO)","RM Tornozelo","RM","Tornozelo","NAO_INFORMADO","ESQUERDO","","","SIM","contraste não informado no nome"
"800","RM PE ESQUERDO COM CONTRASTE (AD) - (ANTEPE) (NAO INCLUI TORNOZELO)","RM Tornozelo","RM","Tornozelo","COM","ESQUERDO","(AD)","","SIM","confirmar significado de AD/PD"
"801","RM PE ESQUERDO COM CONTRASTE (PD) - (ANTEPE) (NAO INCLUI TORNOZELO)","RM Tornozelo","RM","Tornozelo","COM","ESQUERDO","(PD)","","SIM","confirmar significado de AD/PD"
"802","RM TORNOZELO DIREITO (ART. TIBIOTARSICA)","RM Tornozelo","RM","Tornozelo","NAO_INFORMADO","DIREITO","","","SIM","contraste não informado no nome"
"803","RM TORNOZELO DIREITO COM CONTRASTE (AD) - (ART. TIBIOTARSICA)","RM Tornozelo","RM","Tornozelo","COM","DIREITO","(AD)","","SIM","confirmar significado de AD/PD"
"804","RM TORNOZELO DIREITO COM CONTRASTE (PD) - (ART. TIBIOTARSICA)","RM Tornozelo","RM","Tornozelo","COM","DIREITO","(PD)","","SIM","confirmar significado de AD/PD"
"805","RM TORNOZELO ESQUERDO (ART. TIBIOTARCICA)","RM Tornozelo","RM","Tornozelo","NAO_INFORMADO","ESQUERDO","","","SIM","contraste não informado no nome"
"806","RM TORNOZELO ESQUERDO COM CONTRASTE (AD) - (ART. TIBIOTARSICA)","RM Tornozelo","RM","Tornozelo","COM","ESQUERDO","(AD)","","SIM","confirmar significado de AD/PD"
"807","RM TORNOZELO ESQUERDO COM CONTRASTE (PD) - (ART. TIBIOTARSICA)","RM Tornozelo","RM","Tornozelo","COM","ESQUERDO","(PD)","","SIM","confirmar significado de AD/PD"
"808","RM TORNOZELO OU PE (UNILATERAL) C/C","RM Tornozelo","RM","Tornozelo","COM","UNILATERAL","","","SIM",""
"809","RM TORNOZELO OU PE (UNILATERAL) S/ CONTRASTE","RM Tornozelo","RM","Tornozelo","SEM","UNILATERAL","","","SIM",""
"810","RM TORAX C/C","RM Tórax","RM","Tórax","COM","","","","SIM",""
"811","RM TORAX S/ CONTRASTE","RM Tórax","RM","Tórax","SEM","","","","SIM",""
"812","RM ORBITA C/C","RM Órbitas / Olhos","RM","Órbitas / Olhos","COM","","","","SIM",""
"813","RM ORBITA S/ CONTRASTE","RM Órbitas / Olhos","RM","Órbitas / Olhos","SEM","","","","SIM",""
"814","RM ORBITAS BILATERAL","RM Órbitas / Olhos","RM","Órbitas / Olhos","NAO_INFORMADO","BILATERAL","","","SIM","contraste não informado no nome"
"815","RM ORBITAS BILATERAL COM CONTRASTE (AD)","RM Órbitas / Olhos","RM","Órbitas / Olhos","COM","BILATERAL","(AD)","","SIM","confirmar significado de AD/PD"
"816","RM ORBITAS BILATERAL COM CONTRASTE (PD)","RM Órbitas / Olhos","RM","Órbitas / Olhos","COM","BILATERAL","(PD)","","SIM","confirmar significado de AD/PD"
"817","ABREUGRAFIA 100MM","Abreugrafia","RX","","","","","","SIM",""
"818","ABREUGRAFIA 35 OU 70 MM","Abreugrafia","RX","","","","","","SIM",""
"819","CISTOGRAFIA COM CONTRASTE NAO IONICO","Cistografia Bexiga","RX","Bexiga","COM","","","","SIM",""
"820","COLANGIOGRAFIA PRÉ-OPERATORIA","Colangiografia Vias Biliares","RX","Vias Biliares","","","pré-operatória","","SIM",""
"821","COLANGIOGRAFIA PÓS-OPERATORIA","Colangiografia Vias Biliares","RX","Vias Biliares","","","pós-operatória","","SIM",""
"822","ESCANOMETRIA","Escanometria Membros Inferiores (Escanometria)","RX","Membros Inferiores (Escanometria)","","","","","SIM",""
"823","RX ESCANOMETRIA","Escanometria Membros Inferiores (Escanometria)","RX","Membros Inferiores (Escanometria)","","","","","SIM",""
"824","RX ESCANOMETRIA (3) - AP QUADRIL/JOELHO/TORNOZELO","Escanometria Quadril","RX","Quadril","","","","","SIM",""
"825","HISTEROSSALPINGOGRAFIA C/C IONICO","Histerossalpingografia Útero e Trompas","RX","Útero e Trompas","COM","","","","SIM",""
"826","HISTEROSSALPINGOGRAFIA C/C NÃO IONICO","Histerossalpingografia Útero e Trompas","RX","Útero e Trompas","COM","","","","SIM",""
"827","PLANIGRAFIA DE TORAX","Planigrafia Tórax","RX","Tórax","","","","","SIM",""
"828","RADIOGRAFIA ATM","RX ATM (Mandíbula)","RX","ATM (Mandíbula)","","","","","SIM",""
"829","RX ATM (4) (ARTICULACAO TEMPOROMANDIBULAR BILATERAL) - OBL OU AXIA LAT. BOCA ABERTA OU BOCA FECHADA","RX ATM (Mandíbula)","RX","ATM (Mandíbula)","","BILATERAL","","","SIM",""
"830","RX DA ATM SERIE COMPLETA (3INC)","RX ATM (Mandíbula)","RX","ATM (Mandíbula)","","","","","SIM",""
"831","RX ABDOME AGUDO (3) - AP DD/AP ORTO/AP DL/P","RX Abdome","RX","Abdome","","","","","SIM",""
"832","RX ABDOME SIMPLES","RX Abdome","RX","Abdome","","","","","SIM",""
"833","RX ABDOME SIMPLES (1) - AP","RX Abdome","RX","Abdome","","","","","SIM",""
"834","RX ABDOMEN A.P. - LAT OU LOCALIZADA","RX Abdome","RX","Abdome","","","","","SIM",""
"835","RX ABDOMEN AGUDO","RX Abdome","RX","Abdome","","","","","SIM",""
"836","RX ABDOMEN ORTOSTATICO E DECUBITO DORSAL","RX Abdome","RX","Abdome","","","","","SIM",""
"837","RX ABDOMEN SIMPLES","RX Abdome","RX","Abdome","","","","","SIM",""
"838","RX ANTEBRACO","RX Antebraço","RX","Antebraço","","","","","SIM",""
"839","RX ANTEBRAÇO DIREITO (2) - AP/P","RX Antebraço","RX","Antebraço","","DIREITO","","","SIM",""
"840","RX ANTEBRAÇO ESQUERDO (2) - AP/P","RX Antebraço","RX","Antebraço","","ESQUERDO","","","SIM",""
"841","RX ARTICULAÇÕES SACRO-ILIACAS","RX Articulação","RX","Articulação","","","","","SIM",""
"842","RX AXILAR DIREITA (ESCÁPULA)","RX Axilas","RX","Axilas","","DIREITO","","","SIM",""
"843","RX AXILAR ESQUERDA (ESCÁPULA)","RX Axilas","RX","Axilas","","ESQUERDO","","","SIM",""
"844","RX BACIA","RX Bacia / Pelve","RX","Bacia / Pelve","","","","","SIM",""
"845","RX BACIA (1) - AP","RX Bacia / Pelve","RX","Bacia / Pelve","","","","","SIM",""
"846","RX BACIA (2 INC)","RX Bacia / Pelve","RX","Bacia / Pelve","","","","","SIM",""
"847","RX BRACO","RX Braço","RX","Braço","","","","","SIM",""
"848","RX BRAÇO DIREITO (2) (UMERO) - AP/P","RX Braço","RX","Braço","","DIREITO","","","SIM",""
"849","RX BRAÇO ESQUERDO (2) (UMERO) - AP/P","RX Braço","RX","Braço","","ESQUERDO","","","SIM",""
"850","RX PANORAMICO DE MEMBROS SUPERIORES","RX Braço (Membro Superior)","RX","Braço (Membro Superior)","","","","","SIM",""
"851","RX TOTAL MEMBROS SUPERIORES (PANORAMICO/CHAPAO)","RX Braço (Membro Superior)","RX","Braço (Membro Superior)","","","","","SIM",""
"852","RX ADENOIDES","RX Cavum / Adenoides","RX","Cavum / Adenoides","","","","","SIM",""
"853","RX ADENOIDES (2) (RINOFARINGE) - AP/P","RX Cavum / Adenoides","RX","Cavum / Adenoides","","","","","SIM",""
"854","RX CAVUM","RX Cavum / Adenoides","RX","Cavum / Adenoides","","","","","SIM",""
"855","RX CAVUM (2) (ADENOIDES) - P/HIRTZ","RX Cavum / Adenoides","RX","Cavum / Adenoides","","","","","SIM",""
"856","RX HIPOFARINGE","RX Cavum / Adenoides","RX","Cavum / Adenoides","","","","","SIM",""
"857","RX COLUNA TORACO LOMBAR","RX Coluna","RX","Coluna","","","","","SIM",""
"858","RX ESQUELETO - INCIDENCIAS BASICAS CRANIO/COLUNA/BACIA E MEMBROS","RX Coluna","RX","Coluna","","","","","SIM",""
"859","RX COLUNA CERVICAL (3) - AP/P/TRANSORAL","RX Coluna Cervical","RX","Coluna Cervical","","","","","SIM",""
"860","RX COLUNA CERVICAL (5) - AP/P/TRANSORAL/OBL","RX Coluna Cervical","RX","Coluna Cervical","","","","","SIM",""
"861","RX COLUNA CERVICAL 3INC","RX Coluna Cervical","RX","Coluna Cervical","","","","","SIM",""
"862","RX COLUNA CERVICAL 4INC","RX Coluna Cervical","RX","Coluna Cervical","","","","","SIM",""
"863","RX COLUNA CERVICAL 5 INC","RX Coluna Cervical","RX","Coluna Cervical","","","","","SIM",""
"864","RX COLUNA CERVICAL FUNCIONAL 7INC","RX Coluna Cervical","RX","Coluna Cervical","","","funcional","","SIM",""
"865","RX COLUNA DORSO LOMBAR PARA ESCOLIOSE","RX Coluna Dorsolombar","RX","Coluna Dorsolombar","","","","","SIM",""
"866","RX COLUNA DORSO-LOMBAR PARA ESCOLIOSE- AP/P C.LOMBAR E C.DORSAL","RX Coluna Dorsolombar","RX","Coluna Dorsolombar","","","","","SIM",""
"867","RX COLUNA LOMBAR (3) (LOMBOSSACRA) AP/P","RX Coluna Lombar","RX","Coluna Lombar","","","","","SIM",""
"868","RX COLUNA LOMBAR (5) (LOMBOSSACRA) - AP/P/OBLIQUA D.E/FUNC-L5/S1","RX Coluna Lombar","RX","Coluna Lombar","","","","","SIM",""
"869","RX COLUNA LOMBO SACRA","RX Coluna Lombar","RX","Coluna Lombar","","","","","SIM",""
"870","RX COLUNA LOMBO SACRA 3INC","RX Coluna Lombar","RX","Coluna Lombar","","","","","SIM",""
"871","RX COLUNA LOMBO SACRA 5INC","RX Coluna Lombar","RX","Coluna Lombar","","","","","SIM",""
"872","RX COLUNA LOMBO SACRA C/ OBLIQUAS","RX Coluna Lombar","RX","Coluna Lombar","","","","","SIM",""
"873","RX COLUNA LOMBO SACRA FUNCIONAL 7INC","RX Coluna Lombar","RX","Coluna Lombar","","","funcional","","SIM",""
"874","RX COLUNA DORSAL","RX Coluna Torácica","RX","Coluna Torácica","","","","","SIM",""
"875","RX COLUNA DORSAL (2) - AP/P","RX Coluna Torácica","RX","Coluna Torácica","","","","","SIM",""
"876","RX COLUNA DORSAL (4) - AP/P/OBLIQUAS","RX Coluna Torácica","RX","Coluna Torácica","","","","","SIM",""
"877","RX COLUNA DORSAL 2 INC","RX Coluna Torácica","RX","Coluna Torácica","","","","","SIM",""
"878","RX COLUNA DORSAL-4 INCIDENCIAS","RX Coluna Torácica","RX","Coluna Torácica","","","","","SIM",""
"879","RX COLUNA TOTAL PARA ESCOLIOSE","RX Coluna Total","RX","Coluna Total","","","","","SIM",""
"880","RX COLUNA TOTAL PARA ESCOLIOSE (PANORAMICO/CHAPAO)","RX Coluna Total","RX","Coluna Total","","","","","SIM",""
"881","RX CORACAO E VASOS DA BASE","RX Coração","RX","Coração","","","","","SIM",""
"882","RX ARCOS COSTAIS (HEMITÓRAX)","RX Costelas","RX","Costelas","","","","","SIM",""
"883","RX ARCOS COSTAIS A DIREITA (2) - (HEMITORAX D OU COSTELAS) - AP/OBL","RX Costelas","RX","Costelas","","DIREITO","","","SIM",""
"884","RX ARCOS COSTAIS A ESQUERDA (2) - (HEMITORAX E OU COSTELAS) - AP/OBL","RX Costelas","RX","Costelas","","ESQUERDO","","","SIM",""
"885","RX COTOVELO","RX Cotovelo","RX","Cotovelo","","","","","SIM",""
"886","RX COTOVELO DIREITO (2) - AP/P","RX Cotovelo","RX","Cotovelo","","DIREITO","","","SIM",""
"887","RX COTOVELO ESQUERDO (2) - AP/P","RX Cotovelo","RX","Cotovelo","","ESQUERDO","","","SIM",""
"888","RX ARTICULACAO COXOFEMURAL CADA LADO","RX Coxa","RX","Coxa","","","","","SIM",""
"889","RX COXA","RX Coxa","RX","Coxa","","","","","SIM",""
"890","RX COXA DIREITA (2) (OU FEMUR) - AP/P","RX Coxa","RX","Coxa","","DIREITO","","","SIM",""
"891","RX COXA ESQUERDA (2) (OU FEMUR) - AP/P","RX Coxa","RX","Coxa","","ESQUERDO","","","SIM",""
"892","RX CRANIO (2) - AP (OU TOWNE)/P","RX Crânio","RX","Crânio","","","","","SIM",""
"893","RX CRANIO (3) - AP (OU TOWNE)/ P(BRETTON)/ CALDWELL","RX Crânio","RX","Crânio","","","","","SIM",""
"894","RX CRANIO (4) - AP (OU TOWNE)/ P(BRETON)/ CALDWELL/ HIRTZ","RX Crânio","RX","Crânio","","","","","SIM",""
"895","RX CRANIO (4INC)","RX Crânio","RX","Crânio","","","","","SIM",""
"896","RX CRANIO - 2 INCIDENCIAS","RX Crânio","RX","Crânio","","","","","SIM",""
"897","RX CRANIO - 3 INCIDENCIAS","RX Crânio","RX","Crânio","","","","","SIM",""
"898","RX CRANIO - 4 INCIDENCIAS","RX Crânio","RX","Crânio","","","","","SIM",""
"899","RX CRANIO(2 INC)","RX Crânio","RX","Crânio","","","","","SIM",""
"900","RX DEDO MAO (2) - AP/OBL (QUIRODACTILO)","RX Dedo da Mão","RX","Dedo da Mão","","","","","SIM",""
"901","RX MAO OU QUIRODACTILO","RX Dedo da Mão","RX","Dedo da Mão","","","","","SIM",""
"902","RX DEDO PE (2) - AP/OBL (PODODACTILO)","RX Dedo do Pé","RX","Dedo do Pé","","","","","SIM",""
"903","RX PE DIREITO (2) (PODODACTILO) - AP/OBL","RX Dedo do Pé","RX","Dedo do Pé","","DIREITO","","","SIM",""
"904","RX PE ESQUERDO (2) (PODODACTILO) - AP/OBL","RX Dedo do Pé","RX","Dedo do Pé","","ESQUERDO","","","SIM",""
"905","RX ESTERNO","RX Esterno","RX","Esterno","","","","","SIM",""
"906","RX ESTERNO (2) - P/OBL","RX Esterno","RX","Esterno","","","","","SIM",""
"907","RX ESTERNOCLAVICULAR DIREITA (2) - (ARTICULACAO) - AP/OBL ANTERIOR","RX Esternoclavicular","RX","Esternoclavicular","","DIREITO","","","SIM",""
"908","RX ESTERNOCLAVICULAR ESQUERDA (2) - (ARTICULACAO) - AP/OAE","RX Esternoclavicular","RX","Esternoclavicular","","ESQUERDO","","","SIM",""
"909","RX ESOFAGO (24 INC)","RX Esôfago e Estômago","RX","Esôfago e Estômago","","","","","SIM",""
"910","RX ESOFAGO (8INC)","RX Esôfago e Estômago","RX","Esôfago e Estômago","","","","","SIM",""
"911","RX ESOFAGO-HIATO-ESTOMAGO-DUODENO","RX Esôfago e Estômago","RX","Esôfago e Estômago","","","","","SIM",""
"912","RX ESTOMAGO E DUODENO","RX Esôfago e Estômago","RX","Esôfago e Estômago","","","","","SIM",""
"913","RX ARCOS ZIGOMATICOS","RX Face / Seios da Face","RX","Face / Seios da Face","","","","","SIM",""
"914","RX ARCOS ZIGOMATICOS (3) - (MALAR-ESTILOIDES) - AP , HIRTZ/AXIAL,  OBL/TOWNE","RX Face / Seios da Face","RX","Face / Seios da Face","","","","","SIM",""
"915","RX OSSOS DA FACE (3) (NARIZ/OSSO NASAL) WATTERS/CALDWEEL/P - HIRTZ","RX Face / Seios da Face","RX","Face / Seios da Face","","","","","SIM",""
"916","RX OSSOS FACE","RX Face / Seios da Face","RX","Face / Seios da Face","","","","","SIM",""
"917","RX SEIOS DA FACE","RX Face / Seios da Face","RX","Face / Seios da Face","","","","","SIM",""
"918","RX SEIOS DA FACE (3) (PARANASAIS) - P / WATTERS / CALDWEEL","RX Face / Seios da Face","RX","Face / Seios da Face","","","","","SIM",""
"919","RX INTESTINO DELGADO (TRANSITO)","RX Intestino Delgado","RX","Intestino Delgado","","","","","SIM",""
"920","RX TRANSITO E MORFOLOGIA DO DELGADO","RX Intestino Delgado","RX","Intestino Delgado","","","","","SIM",""
"921","RX CLISTER OPACO (OU ENEMA)","RX Intestino Grosso","RX","Intestino Grosso","","","","","SIM",""
"922","RX JOELHO 2 INC","RX Joelho","RX","Joelho","","","","","SIM",""
"923","RX JOELHO 7INC","RX Joelho","RX","Joelho","","","","","SIM",""
"924","RX JOELHO COM AXIAL DE ROTULA 3INC","RX Joelho","RX","Joelho","","","","","SIM",""
"925","RX JOELHO DIREITO (2) - AP/P","RX Joelho","RX","Joelho","","DIREITO","","","SIM",""
"926","RX JOELHO ESQUERDO (2) - AP/P","RX Joelho","RX","Joelho","","ESQUERDO","","","SIM",""
"927","RX PATELA","RX Joelho","RX","Joelho","","","","","SIM",""
"928","RX AMPLIACAO OU MAGNIFICACAO DE LESAO MAMARIA POR MAMO","RX Mamas","RX","Mamas","","","","","SIM",""
"929","RX AMPLIAÇÃO OU MAGN. DE LESÃO MAMARIA","RX Mamas","RX","Mamas","","","","","SIM",""
"930","RX DA MAO","RX Mão","RX","Mão","","","","","SIM",""
"931","RX DEDOS DA MAO","RX Mão","RX","Mão","","","","","SIM",""
"932","RX INCIDÊNCIA ADIC MAO","RX Mão","RX","Mão","","","","","SIM",""
"933","RX MAO DIREITA (2) - AP/OBL","RX Mão","RX","Mão","","DIREITO","","","SIM",""
"934","RX MAO ESQUERDA (2) - AP/OBL","RX Mão","RX","Mão","","ESQUERDO","","","SIM",""
"935","RADIOGRAFIA LATERAL CORPO MANDIBULA","RX Odontológica","RX","Odontológica","","","","","SIM",""
"936","RX ARTICULAÇÃO TEMPORO-MANDIBULAR","RX Odontológica","RX","Odontológica","","","","","SIM",""
"937","RX MANDIBULA","RX Odontológica","RX","Odontológica","","","","","SIM",""
"938","RX MAXILAR INFERIOR","RX Odontológica","RX","Odontológica","","","","","SIM",""
"939","RX MAXILAR INFERIOR (3) (MANDIBULA) - AP/OBLIQUAS","RX Odontológica","RX","Odontológica","","","","","SIM",""
"940","RX TEMPORO MANDIBULAR","RX Odontológica","RX","Odontológica","","","","","SIM",""
"941","RX ACROMIOCLAVICULAR DIREITO (2) - (ARTICULACAO) - AP C/S PESO C/S STRE","RX Ombro","RX","Ombro","","DIREITO","","","SIM",""
"942","RX ACROMIOCLAVICULAR ESQUERDO (2) - (ARTICULACAO) - AP C/S PESO C/S STRE","RX Ombro","RX","Ombro","","ESQUERDO","","","SIM",""
"943","RX ARTICULACAO ACROMIO CLAVICULAR","RX Ombro","RX","Ombro","","","","","SIM",""
"944","RX ARTICULACAO ESCAPULO UMERAL","RX Ombro","RX","Ombro","","","","","SIM",""
"945","RX ARTICULAÇÃO ESTERNO-CLAVICULAR","RX Ombro","RX","Ombro","","","","","SIM",""
"946","RX CLAVICULA","RX Ombro","RX","Ombro","","","","","SIM",""
"947","RX CLAVICULA DIREITA (2) - AP/AP ASCEND OU AXIAL","RX Ombro","RX","Ombro","","DIREITO","","","SIM",""
"948","RX CLAVICULA ESQUERDA (2) - AP/AP ASCEND OU AXIAL","RX Ombro","RX","Ombro","","ESQUERDO","","","SIM",""
"949","RX ESCAPULA","RX Ombro","RX","Ombro","","","","","SIM",""
"950","RX ESCAPULA DIREITA (2) - (OMOPLATA) - AP/P","RX Ombro","RX","Ombro","","DIREITO","","","SIM",""
"951","RX ESCAPULA ESQUERDA (2) - (OMOPLATA) - AP/P","RX Ombro","RX","Ombro","","ESQUERDO","","","SIM",""
"952","RX ESCÁPULO-UMERAL","RX Ombro","RX","Ombro","","","","","SIM",""
"953","RX INCIDENCIA ADIC. OMBRO","RX Ombro","RX","Ombro","","","","","SIM",""
"954","RX OMBRO","RX Ombro","RX","Ombro","","","","","SIM",""
"955","RX OMBRO 2 INCIDÊNCIAS","RX Ombro","RX","Ombro","","","","","SIM",""
"956","RX OMBRO 3 INCIDÊNCIAS","RX Ombro","RX","Ombro","","","","","SIM",""
"957","RX OMBRO DIREITO (2) (ART. ESCAPULOUMERAL) - AP/P","RX Ombro","RX","Ombro","","DIREITO","","","SIM",""
"958","RX OMBRO ESQUERDO (2) (ART. ESCAPULOUMERAL) - AP/P","RX Ombro","RX","Ombro","","ESQUERDO","","","SIM",""
"959","RX OMOPLATA OU OMBRO FUNCIONAL","RX Ombro","RX","Ombro","","","funcional","","SIM",""
"960","RX OMOPLATA OU OMBRO FUNCIONAL DIREITO","RX Ombro","RX","Ombro","","DIREITO","funcional","","SIM",""
"961","RX OMOPLATA OU OMBRO FUNCIONAL ESQUERDO","RX Ombro","RX","Ombro","","ESQUERDO","funcional","","SIM",""
"962","RX CAI (2) - (OUVIDOS/MASTOIDES, ROCHEDOS) - (BILATERAL) - AP/OU TOWNE","RX Ouvidos (Ossos Temporais)","RX","Ouvidos (Ossos Temporais)","","BILATERAL","","","SIM",""
"963","RX CONDUTOS AUDITIVOS","RX Ouvidos (Ossos Temporais)","RX","Ouvidos (Ossos Temporais)","","","","","SIM",""
"964","RX CONDUTOS AUDITIVOS INTERNOS","RX Ouvidos (Ossos Temporais)","RX","Ouvidos (Ossos Temporais)","","","","","SIM",""
"965","RX MASTOIDES OU ROCHEDOS BILATERAL","RX Ouvidos (Ossos Temporais)","RX","Ouvidos (Ossos Temporais)","","BILATERAL","","","SIM",""
"966","RX MASTOIDES, ROCHEDOS, ORELHAS (OUVIDOS) BILATERAL - AP/OU TOWNE","RX Ouvidos (Ossos Temporais)","RX","Ouvidos (Ossos Temporais)","","BILATERAL","","","SIM",""
"967","RX PERNA","RX Perna","RX","Perna","","","","","SIM",""
"968","RX PERNA DIREITA (2) (TIBIOFIBULAR) - AP/P","RX Perna","RX","Perna","","DIREITO","","","SIM",""
"969","RX PERNA ESQUERDA (2) (TIBIOFIBULAR) - AP/P","RX Perna","RX","Perna","","ESQUERDO","","","SIM",""
"970","RX PANORAMICO DE MEMBROS INFERIORES","RX Perna (Membro Inferior)","RX","Perna (Membro Inferior)","","","","","SIM",""
"971","RX PANORAMICO MEMBROS INFERIORES","RX Perna (Membro Inferior)","RX","Perna (Membro Inferior)","","","","","SIM",""
"972","RX TOTAL MEMBROS INFERIORES (INC. ADICIONAL)","RX Perna (Membro Inferior)","RX","Perna (Membro Inferior)","","","","","SIM",""
"973","RX LARINGE","RX Pescoço","RX","Pescoço","","","","","SIM",""
"974","RX LARINGE OU HIPOFARINGE OU PESCOÇO (PARTES MOLES)","RX Pescoço","RX","Pescoço","","","","","SIM",""
"975","RX PESCOÇO (REG CERVICAL)","RX Pescoço","RX","Pescoço","","","","","SIM",""
"976","RX MAOS E PUNHOS (IDADE OSSEA) - AP","RX Punho","RX","Punho","","","","","SIM",""
"977","RX MAOS E PUNHOS P/ IDADE OSSEA","RX Punho","RX","Punho","","","","","SIM",""
"978","RX PUNHO","RX Punho","RX","Punho","","","","","SIM",""
"979","RX PUNHO (INC. ADICIONAL) - ESCAFÓIDE FLEXAO RADIAL OU ULNAR","RX Punho","RX","Punho","","","","","SIM",""
"980","RX PUNHO DIREITO (2) - AP/P","RX Punho","RX","Punho","","DIREITO","","","SIM",""
"981","RX PUNHO ESQUERDO (2) - AP/P","RX Punho","RX","Punho","","ESQUERDO","","","SIM",""
"982","RX ANTEPE DIREITO (2) - AP/OBL","RX Pé","RX","Pé","","DIREITO","","","SIM",""
"983","RX ANTEPE ESQUERDO (2) - AP/OBL","RX Pé","RX","Pé","","ESQUERDO","","","SIM",""
"984","RX CALCANEO","RX Pé","RX","Pé","","","","","SIM",""
"985","RX CALCANEO DIREITO (2) - AXIAL/P","RX Pé","RX","Pé","","DIREITO","","","SIM",""
"986","RX CALCANEO ESQUERDO(2) - AXIAL/P","RX Pé","RX","Pé","","ESQUERDO","","","SIM",""
"987","RX PE DEDOS DOS PES  PODACTILOS","RX Pé","RX","Pé","","","","","SIM",""
"988","RX PENIANO","RX Pênis","RX","Pênis","","","","","SIM",""
"989","RX PENIS","RX Pênis","RX","Pênis","","","","","SIM",""
"990","RX COXOFEMORAL DIREITA (2) (QUADRIL) - AP/OBL","RX Quadril","RX","Quadril","","DIREITO","","","SIM",""
"991","RX COXOFEMORAL ESQUERDO (2) (QUADRIL) - AP/OBL","RX Quadril","RX","Quadril","","ESQUERDO","","","SIM",""
"992","RX SACRO COCCIX","RX Sacro e Cóccix","RX","Sacro e Cóccix","","","","","SIM",""
"993","RX SACROCOCCIX - AP/P","RX Sacro e Cóccix","RX","Sacro e Cóccix","","","","","SIM",""
"994","RX SACROILIACAS - BACIA - (ARTICULACAO) - (BILATERAL)- AP/P/OBL","RX Sacro e Cóccix","RX","Sacro e Cóccix","","BILATERAL","","","SIM",""
"995","RX SELA TURCICA","RX Sela Túrcica","RX","Sela Túrcica","","","","","SIM",""
"996","RX SELA TURCICA (2) - AP (TOWNE) /  P (BRETTON)","RX Sela Túrcica","RX","Sela Túrcica","","","","","SIM",""
"997","RX ARTICULAÇÃO TIBIO-TÁRSICA","RX Tornozelo","RX","Tornozelo","","","","","SIM",""
"998","RX TORNOZELO","RX Tornozelo","RX","Tornozelo","","","","","SIM",""
"999","RX TORNOZELO C OBLIQUAS","RX Tornozelo","RX","Tornozelo","","","","","SIM",""
"1000","RX TORNOZELO DIREITO (2) - (ARTICULACAO TIBIOTARSICA) - AP/P","RX Tornozelo","RX","Tornozelo","","DIREITO","","","SIM",""
"1001","RX TORNOZELO ESQUERDO (2) - (ARTICULACAO TIBIOTARSICA) - AP/P","RX Tornozelo","RX","Tornozelo","","ESQUERDO","","","SIM",""
"1002","RAIO X CONVENCIONAL TORAX","RX Tórax","RX","Tórax","","","","","SIM",""
"1003","RX COSTELAS - POR HEMITORAX","RX Tórax","RX","Tórax","","","","","SIM",""
"1004","RX MEDIASTINO","RX Tórax","RX","Tórax","","","","","SIM",""
"1005","RX TORAX (1) - AP","RX Tórax","RX","Tórax","","","","","SIM",""
"1006","RX TORAX (2) (OIT) - AP/P","RX Tórax","RX","Tórax","","","","","SIM",""
"1007","RX TORAX (2) - AP/P","RX Tórax","RX","Tórax","","","","","SIM",""
"1008","RX TORAX (3) - AP/P/ AP LORDOTICO","RX Tórax","RX","Tórax","","","","","SIM",""
"1009","RX TORAX (3) - AP/P/ AP PENETRADO DE MEDIASTINO","RX Tórax","RX","Tórax","","","","","SIM",""
"1010","RX TORAX (4) - A/P/ OBLIQUAS OLD/OLE","RX Tórax","RX","Tórax","","","","","SIM",""
"1011","RX TORAX (4) - AP (INSPIRACAO/EXPIRACAO) / P / OBL","RX Tórax","RX","Tórax","","","","","SIM",""
"1012","RX TORAX 2INC","RX Tórax","RX","Tórax","","","","","SIM",""
"1013","RX TORAX 3 INCIDENCIAS","RX Tórax","RX","Tórax","","","","","SIM",""
"1014","RX TORAX 4 INCIDENCIAS","RX Tórax","RX","Tórax","","","","","SIM",""
"1015","RX TORAX AP","RX Tórax","RX","Tórax","","","","","SIM",""
"1016","RX TORAX AP + P","RX Tórax","RX","Tórax","","","","","SIM",""
"1017","RX TORAX C/C PARA AVALIAÇÃO DO PORT CATH","RX Tórax","RX","Tórax","COM","","","","SIM",""
"1018","RX TORAX OIT","RX Tórax","RX","Tórax","","","","","SIM",""
"1019","RX TORAX P.A","RX Tórax","RX","Tórax","","","","","SIM",""
"1020","RX TORAX PA + P","RX Tórax","RX","Tórax","","","","","SIM",""
"1021","RX TORAX ÁPICO-LORDOTICA","RX Tórax","RX","Tórax","","","","","SIM",""
"1022","RX ORBITAS (4) - WARTTERS/CALDWELL/TRANSORBITAL B / HIRTZ","RX Órbitas / Olhos","RX","Órbitas / Olhos","","","","","SIM",""
"1023","RX ORBITAS BILATERAL","RX Órbitas / Olhos","RX","Órbitas / Olhos","","BILATERAL","","","SIM",""
"1024","RX ÓRBITAS BILATERAL","RX Órbitas / Olhos","RX","Órbitas / Olhos","","BILATERAL","","","SIM",""
"1025","RX URETROCISTOGRAFIA","Uretrocistografia Bexiga","RX","Bexiga","","","","","SIM",""
"1026","URETROCISTOGRAFIA","Uretrocistografia Bexiga","RX","Bexiga","","","","","SIM",""
"1027","UROGRAFIA VENOSA COM BEX. PRE E POS MICCIONAL","Urografia Excretora Aparelho Urinário (Rins)","RX","Aparelho Urinário (Rins)","","","venoso","","SIM",""
"1028","UROGRAFIA VENOSA MINUTADA","Urografia Excretora Aparelho Urinário (Rins)","RX","Aparelho Urinário (Rins)","","","venoso","","SIM",""
"1029","TOMOGRAFIA COMPUTADORIZADA C/C IONICO IPE","","TC","","COM","","","IPE","SIM","nome amigável não gerado"
"1030","ANGIO TC ARTERIAL DE ABD SUP. C/C IONICO","Angio-TC Abdome Superior","TC","Abdome Superior","COM","","arterial","","SIM",""
"1031","ANGIO TC ARTERIAL DE ABD SUP. C/C NAO IONICO","Angio-TC Abdome Superior","TC","Abdome Superior","COM","","arterial","","SIM",""
"1032","ANGIO TC ARTERIAL DE ABD SUP. S/ CONTRASTE","Angio-TC Abdome Superior","TC","Abdome Superior","SEM","","arterial","","SIM",""
"1033","ANGIO TC VENOSA DE ABD SUP. C/C IONICO","Angio-TC Abdome Superior","TC","Abdome Superior","COM","","venoso","","SIM",""
"1034","ANGIO TC VENOSA DE ABD SUP. C/C NAO IONICO","Angio-TC Abdome Superior","TC","Abdome Superior","COM","","venoso","","SIM",""
"1035","ANGIO TC VENOSA DE ABD SUP. S/ CONTRASTE","Angio-TC Abdome Superior","TC","Abdome Superior","SEM","","venoso","","SIM",""
"1036","ANGIOTOMO ABD. SUPERIOR S/ CONTRASTE","Angio-TC Abdome Superior","TC","Abdome Superior","SEM","","","","SIM",""
"1037","TC - ANGIOTOMOGRAFIA ARTERIAL DE ABD SUP C/C IONICO (UNIMED)","Angio-TC Abdome Superior","TC","Abdome Superior","COM","","arterial","UNIMED","SIM",""
"1038","TC - ANGIOTOMOGRAFIA ARTERIAL DE ABD SUP C/C NAO IONICO (UNIMED)","Angio-TC Abdome Superior","TC","Abdome Superior","COM","","arterial","UNIMED","SIM",""
"1039","TC - ANGIOTOMOGRAFIA ARTERIAL DE ABD SUP. (UNIMED) S/CONTRASTE","Angio-TC Abdome Superior","TC","Abdome Superior","SEM","","arterial","UNIMED","SIM",""
"1040","TC - ANGIOTOMOGRAFIA VENOSA ABD SUP. (UNIMED) S/ CONTRASTE","Angio-TC Abdome Superior","TC","Abdome Superior","SEM","","venoso","UNIMED","SIM",""
"1041","TC - ANGIOTOMOGRAFIA VENOSA DE ABD SUP C/C IONICO (UNIMED)","Angio-TC Abdome Superior","TC","Abdome Superior","COM","","venoso","UNIMED","SIM",""
"1042","TC - ANGIOTOMOGRAFIA VENOSA DE ABD SUP C/C NAO IONICO (UNIMED)","Angio-TC Abdome Superior","TC","Abdome Superior","COM","","venoso","UNIMED","SIM",""
"1043","TC ANGIO (CRAN, PESC, TOR, ABD SUP, PEL) C/C IONICO","Angio-TC Abdome Superior","TC","Abdome Superior","COM","","","","SIM",""
"1044","TC ANGIO (CRAN, PESC, TOR, ABD SUP, PEL, MI, MS) C/C NAO IONICO","Angio-TC Abdome Superior","TC","Abdome Superior","COM","","","","SIM",""
"1045","TC ANGIO (CRAN, PESC, TOR, ABD SUP, PEL, MS,MI) S/ CONTRASTE","Angio-TC Abdome Superior","TC","Abdome Superior","SEM","","","","SIM",""
"1046","TC ANGIOTOMOGRAFIA ARTERIAL DE ABDOMEN SUPERIOR COM CONTRASTE","Angio-TC Abdome Superior","TC","Abdome Superior","COM","","arterial","","SIM",""
"1047","TC ANGIOTOMOGRAFIA VENOSA DE ABDOMEN SUPERIOR COM CONTRASTE","Angio-TC Abdome Superior","TC","Abdome Superior","COM","","venoso","","SIM",""
"1048","ANGIO TC AORTA ABDOMINAL C/C IONICO","Angio-TC Aorta","TC","Aorta","COM","","","","SIM",""
"1049","ANGIO TC AORTA ABDOMINAL C/C NAO IONICO","Angio-TC Aorta","TC","Aorta","COM","","","","SIM",""
"1050","ANGIO TC AORTA ABDOMINAL S/ CONTRASTE","Angio-TC Aorta","TC","Aorta","SEM","","","","SIM",""
"1051","TC - ANGIOTOMOGRAFIA DE AORTA ABDOMINAL C/C IONICO","Angio-TC Aorta","TC","Aorta","COM","","","","SIM",""
"1052","TC - ANGIOTOMOGRAFIA DE AORTA ABDOMINAL C/C NAO IONICO","Angio-TC Aorta","TC","Aorta","COM","","","","SIM",""
"1053","TC - ANGIOTOMOGRAFIA DE AORTA ABDOMINAL S/CONTRASTE","Angio-TC Aorta","TC","Aorta","SEM","","","","SIM",""
"1054","TC ANGIOTOMOGRAFIA DE AORTA ABDOMINAL COM CONTRASTE","Angio-TC Aorta","TC","Aorta","COM","","","","SIM",""
"1055","ANGIO TC AORTA TORACICA (ILIACA) S/ CONTRASTE","Angio-TC Aorta Torácica","TC","Aorta Torácica","SEM","","","","SIM",""
"1056","ANGIO TC AORTA TORACICA C/C IONICO","Angio-TC Aorta Torácica","TC","Aorta Torácica","COM","","","","SIM",""
"1057","ANGIO TC AORTA TORACICA C/C NAO IONICO","Angio-TC Aorta Torácica","TC","Aorta Torácica","COM","","","","SIM",""
"1058","ANGIO TC AORTA TORACICA S/ CONTRASTE","Angio-TC Aorta Torácica","TC","Aorta Torácica","SEM","","","","SIM",""
"1059","TC - ANGIOTOMOGRAFIA DE AORTA TORACICA C/C IONICO","Angio-TC Aorta Torácica","TC","Aorta Torácica","COM","","","","SIM",""
"1060","TC - ANGIOTOMOGRAFIA DE AORTA TORACICA C/C N IONICO","Angio-TC Aorta Torácica","TC","Aorta Torácica","COM","","","","SIM",""
"1061","TC - ANGIOTOMOGRAFIA DE AORTA TORACICA S/CONTRASTE","Angio-TC Aorta Torácica","TC","Aorta Torácica","SEM","","","","SIM",""
"1062","TC ANGIOTOMOGRAFIA DE AORTA TORÁCICA COM CONTRASTE","Angio-TC Aorta Torácica","TC","Aorta Torácica","COM","","","","SIM",""
"1063","ANGIO TC ARTERIAL DE PELVE C/C IONICO","Angio-TC Bacia / Pelve","TC","Bacia / Pelve","COM","","arterial","","SIM",""
"1064","ANGIO TC ARTERIAL DE PELVE C/C NAO IONICO","Angio-TC Bacia / Pelve","TC","Bacia / Pelve","COM","","arterial","","SIM",""
"1065","ANGIO TC ARTERIAL DE PELVE S/ CONTRASTE","Angio-TC Bacia / Pelve","TC","Bacia / Pelve","SEM","","arterial","","SIM",""
"1066","ANGIO TC VENOSA DE PELVE C/C IONICO","Angio-TC Bacia / Pelve","TC","Bacia / Pelve","COM","","venoso","","SIM",""
"1067","ANGIO TC VENOSA DE PELVE C/C NAO IONICO","Angio-TC Bacia / Pelve","TC","Bacia / Pelve","COM","","venoso","","SIM",""
"1068","ANGIO TC VENOSA DE PELVE S/ CONTRASTE","Angio-TC Bacia / Pelve","TC","Bacia / Pelve","SEM","","venoso","","SIM",""
"1069","ANGIOTOMO PELVE","Angio-TC Bacia / Pelve","TC","Bacia / Pelve","NAO_INFORMADO","","","","SIM","contraste não informado no nome"
"1070","TC - ANGIOTOMOGRAFIA ARTERIAL DA PELVE (UNIMED) S/CONTRASTE","Angio-TC Bacia / Pelve","TC","Bacia / Pelve","SEM","","arterial","UNIMED","SIM",""
"1071","TC - ANGIOTOMOGRAFIA ARTERIAL DA PELVE C/C IONICO (UNIMED)","Angio-TC Bacia / Pelve","TC","Bacia / Pelve","COM","","arterial","UNIMED","SIM",""
"1072","TC - ANGIOTOMOGRAFIA ARTERIAL DA PELVE C/C NAO IONICO (UNIMED)","Angio-TC Bacia / Pelve","TC","Bacia / Pelve","COM","","arterial","UNIMED","SIM",""
"1073","TC - ANGIOTOMOGRAFIA VENOSA DA PELVE (UNIMED) S/ CONTRASTE","Angio-TC Bacia / Pelve","TC","Bacia / Pelve","SEM","","venoso","UNIMED","SIM",""
"1074","TC - ANGIOTOMOGRAFIA VENOSA DA PELVE C/C IONICO (UNIMED)","Angio-TC Bacia / Pelve","TC","Bacia / Pelve","COM","","venoso","UNIMED","SIM",""
"1075","TC - ANGIOTOMOGRAFIA VENOSA DA PELVE C/C NAO IONICO (UNIMED)","Angio-TC Bacia / Pelve","TC","Bacia / Pelve","COM","","venoso","UNIMED","SIM",""
"1076","TC ANGIOTOMOGRAFIA ARTERIAL DE PELVE COM CONTRASTE","Angio-TC Bacia / Pelve","TC","Bacia / Pelve","COM","","arterial","","SIM",""
"1077","TC ANGIOTOMOGRAFIA VENOSA DE PELVE COM CONTRASTE","Angio-TC Bacia / Pelve","TC","Bacia / Pelve","COM","","venoso","","SIM",""
"1078","ANGIO TC ARTERIAL DE MEMBRO SUPERIOR C/C  NAO IONICO","Angio-TC Braço (Membro Superior)","TC","Braço (Membro Superior)","COM","","arterial","","SIM",""
"1079","ANGIO TC ARTERIAL DE MEMBRO SUPERIOR C/C IONICO","Angio-TC Braço (Membro Superior)","TC","Braço (Membro Superior)","COM","","arterial","","SIM",""
"1080","ANGIO TC MEMBRO SUPERIOR C/ NÃO IONICO","Angio-TC Braço (Membro Superior)","TC","Braço (Membro Superior)","COM","","","","SIM",""
"1081","ANGIO TC MEMBRO SUPERIOR S/ CONTRASTE","Angio-TC Braço (Membro Superior)","TC","Braço (Membro Superior)","SEM","","","","SIM",""
"1082","ANGIO TC MEMBROS SUPERIORES C/C IONICO","Angio-TC Braço (Membro Superior)","TC","Braço (Membro Superior)","COM","","","","SIM",""
"1083","ANGIOTOMO MEMBRO SUPERIOR S/ CONTRASTE","Angio-TC Braço (Membro Superior)","TC","Braço (Membro Superior)","SEM","","","","SIM",""
"1084","ANGIO TC CAROTIDAS E VERTEBRAIS C/C IONICO","Angio-TC Carótidas e Vertebrais","TC","Carótidas e Vertebrais","COM","","","","SIM",""
"1085","ANGIO TC CAROTIDAS E VERTEBRAIS C/C NAO IONICO","Angio-TC Carótidas e Vertebrais","TC","Carótidas e Vertebrais","COM","","","","SIM",""
"1086","ANGIO TC CARÓTIDAS E VERTEBRAIS S/ CONTRASTE","Angio-TC Carótidas e Vertebrais","TC","Carótidas e Vertebrais","SEM","","","","SIM",""
"1087","ANGIO TC CORONARIANA C/C NAO IONICO","Angio-TC Coração","TC","Coração","COM","","","","SIM",""
"1088","ANGIO TC CORONARIANA S/ CONTRASTE","Angio-TC Coração","TC","Coração","SEM","","","","SIM",""
"1089","ANGIO TC ARTERIAL DE CRANIO C/C IONICO","Angio-TC Crânio","TC","Crânio","COM","","arterial","","SIM",""
"1090","ANGIO TC ARTERIAL DE CRANIO C/C NAO IONICO","Angio-TC Crânio","TC","Crânio","COM","","arterial","","SIM",""
"1091","ANGIO TC ARTERIAL DE CRANIO S/ CONTRASTE","Angio-TC Crânio","TC","Crânio","SEM","","arterial","","SIM",""
"1092","ANGIO TC DE VASOS INTRACRANIANOS C/C NAO IONICO","Angio-TC Crânio","TC","Crânio","COM","","","","SIM",""
"1093","ANGIO TC VASOS INTRACRANIANOS C/C IONICO","Angio-TC Crânio","TC","Crânio","COM","","","","SIM",""
"1094","ANGIO TC VASOS INTRACRANIANOS S/ CONTRASTE","Angio-TC Crânio","TC","Crânio","SEM","","","","SIM",""
"1095","ANGIO TC VENOSA DE CRANIO C/C IONICO","Angio-TC Crânio","TC","Crânio","COM","","venoso","","SIM",""
"1096","ANGIO TC VENOSA DE CRANIO C/C NAO IONICO","Angio-TC Crânio","TC","Crânio","COM","","venoso","","SIM",""
"1097","ANGIO TC VENOSA DE CRANIO S/ CONTRASTE","Angio-TC Crânio","TC","Crânio","SEM","","venoso","","SIM",""
"1098","ANGIOTOMO CRANIO","Angio-TC Crânio","TC","Crânio","NAO_INFORMADO","","","","SIM","contraste não informado no nome"
"1099","TC - ANGIOTOMOGRAFIA ARTERIAL DE CRANIO (UNIMED) S/CONTRASTE","Angio-TC Crânio","TC","Crânio","SEM","","arterial","UNIMED","SIM",""
"1100","TC - ANGIOTOMOGRAFIA ARTERIAL DE CRANIO C/C IONICO (UNIMED)","Angio-TC Crânio","TC","Crânio","COM","","arterial","UNIMED","SIM",""
"1101","TC - ANGIOTOMOGRAFIA ARTERIAL DE CRANIO C/C NAO IONICO (UNIMED)","Angio-TC Crânio","TC","Crânio","COM","","arterial","UNIMED","SIM",""
"1102","TC - ANGIOTOMOGRAFIA VENOSA DE CRANIO (UNIMED) S/ CONTRASTE","Angio-TC Crânio","TC","Crânio","SEM","","venoso","UNIMED","SIM",""
"1103","TC - ANGIOTOMOGRAFIA VENOSA DE CRANIO C/C IONICO (UNIMED)","Angio-TC Crânio","TC","Crânio","COM","","venoso","UNIMED","SIM",""
"1104","TC - ANGIOTOMOGRAFIA VENOSA DE CRANIO C/C NAO IONICO (UNIMED)","Angio-TC Crânio","TC","Crânio","COM","","venoso","UNIMED","SIM",""
"1105","TC ANGIOTOMOGRAFIA ARTERIAL DE CRANIO COM CONTRASTE","Angio-TC Crânio","TC","Crânio","COM","","arterial","","SIM",""
"1106","TC ANGIOTOMOGRAFIA VENOSA DE CRANIO COM CONTRASTE","Angio-TC Crânio","TC","Crânio","COM","","venoso","","SIM",""
"1107","ANGIO TC ARTERIAL DE MEMBRO INFERIOR C/C IONICO (POR PERNA)","Angio-TC Perna","TC","Perna","COM","UNILATERAL","arterial","","SIM",""
"1108","ANGIO TC ARTERIAL DE MEMBRO INFERIOR C/C NAO IONICO (POR PERNA)","Angio-TC Perna","TC","Perna","COM","UNILATERAL","arterial","","SIM",""
"1109","ANGIO TC ARTERIAL DE MEMBRO INFERIOR S/ CONTRASTE (POR PERNA)","Angio-TC Perna","TC","Perna","SEM","UNILATERAL","arterial","","SIM",""
"1110","ANGIO TC ARTERIAL MEMBROS INFERIORES (POR PERNA)","Angio-TC Perna","TC","Perna","NAO_INFORMADO","UNILATERAL","arterial","","SIM","contraste não informado no nome"
"1111","ANGIO TC VENOSA DE MEBMBRO INF. S/ CONTRASTE","Angio-TC Perna (Membro Inferior)","TC","Perna (Membro Inferior)","SEM","","venoso","","SIM",""
"1112","ANGIO TC VENOSA DE MEMBRO INF. C/C NÃO IONICO","Angio-TC Perna (Membro Inferior)","TC","Perna (Membro Inferior)","COM","","venoso","","SIM",""
"1113","ANGIOTOMO MEMBRO INFERIOR S/ CONTRASTE","Angio-TC Perna (Membro Inferior)","TC","Perna (Membro Inferior)","SEM","","","","SIM",""
"1114","TC ANGIOTOMOGRAFIA ARTERIAL DE MEMBRO INFERIOR DIREITO","Angio-TC Perna (Membro Inferior)","TC","Perna (Membro Inferior)","NAO_INFORMADO","DIREITO","arterial","","SIM","contraste não informado no nome"
"1115","TC ANGIOTOMOGRAFIA ARTERIAL DE MEMBRO INFERIOR ESQUERDO","Angio-TC Perna (Membro Inferior)","TC","Perna (Membro Inferior)","NAO_INFORMADO","ESQUERDO","arterial","","SIM","contraste não informado no nome"
"1116","TC ANGIOTOMOGRAFIA VENOSA DE MEMBRO INFERIOR DIREITO","Angio-TC Perna (Membro Inferior)","TC","Perna (Membro Inferior)","NAO_INFORMADO","DIREITO","venoso","","SIM","contraste não informado no nome"
"1117","TC ANGIOTOMOGRAFIA VENOSA DE MEMBRO INFERIOR ESQUERDO","Angio-TC Perna (Membro Inferior)","TC","Perna (Membro Inferior)","NAO_INFORMADO","ESQUERDO","venoso","","SIM","contraste não informado no nome"
"1118","ANGIO TC ARTERIAL DE PESCOÇO C/C IONICO","Angio-TC Pescoço","TC","Pescoço","COM","","arterial","","SIM",""
"1119","ANGIO TC ARTERIAL DE PESCOÇO C/C NAO IONICO","Angio-TC Pescoço","TC","Pescoço","COM","","arterial","","SIM",""
"1120","ANGIO TC ARTERIAL DE PESCOÇO S/ CONTRASTE","Angio-TC Pescoço","TC","Pescoço","SEM","","arterial","","SIM",""
"1121","ANGIO TC VENOSA DE PESCOÇO C/C IONICO","Angio-TC Pescoço","TC","Pescoço","COM","","venoso","","SIM",""
"1122","ANGIO TC VENOSA DE PESCOÇO C/C NAO IONICO","Angio-TC Pescoço","TC","Pescoço","COM","","venoso","","SIM",""
"1123","ANGIO TC VENOSA DE PESCOÇO S/ CONTRASTE","Angio-TC Pescoço","TC","Pescoço","SEM","","venoso","","SIM",""
"1124","ANGIOTOMO PESCOCO","Angio-TC Pescoço","TC","Pescoço","NAO_INFORMADO","","","","SIM","contraste não informado no nome"
"1125","TC - ANGIOTOMOGRAFIA ARTERIAL DE PESCOÇO (UNIMED) S/CONTRASTE","Angio-TC Pescoço","TC","Pescoço","SEM","","arterial","UNIMED","SIM",""
"1126","TC - ANGIOTOMOGRAFIA ARTERIAL DE PESCOÇO C/C IONICO (UNIMED)","Angio-TC Pescoço","TC","Pescoço","COM","","arterial","UNIMED","SIM",""
"1127","TC - ANGIOTOMOGRAFIA ARTERIAL DE PESCOÇO C/C NAO IONICO (UNIMED)","Angio-TC Pescoço","TC","Pescoço","COM","","arterial","UNIMED","SIM",""
"1128","TC - ANGIOTOMOGRAFIA VENOSA  DE PESCOÇO C/C IONICO (UNIMED)","Angio-TC Pescoço","TC","Pescoço","COM","","venoso","UNIMED","SIM",""
"1129","TC - ANGIOTOMOGRAFIA VENOSA DE PESCOÇO (UNIMED) S/ CONTRASTE","Angio-TC Pescoço","TC","Pescoço","SEM","","venoso","UNIMED","SIM",""
"1130","TC - ANGIOTOMOGRAFIA VENOSA DE PESCOÇO C/C NAO IONICO (UNIMED)","Angio-TC Pescoço","TC","Pescoço","COM","","venoso","UNIMED","SIM",""
"1131","TC ANGIOTOMOGRAFIA ARTERIAL DE PESCOÇO COM CONTRASTE","Angio-TC Pescoço","TC","Pescoço","COM","","arterial","","SIM",""
"1132","TC ANGIOTOMOGRAFIA VENOSA DE PESCOÇO COM CONTRASTE","Angio-TC Pescoço","TC","Pescoço","COM","","venoso","","SIM",""
"1133","ANGIO TC ARTERIAL PULMONAR C/C IONICO","Angio-TC Pulmão (Vasos)","TC","Pulmão (Vasos)","COM","","arterial","","SIM",""
"1134","ANGIO TC ARTERIAL PULMONAR C/C NAO IONICO","Angio-TC Pulmão (Vasos)","TC","Pulmão (Vasos)","COM","","arterial","","SIM",""
"1135","ANGIO TC ARTERIAL PULMONAR S/ CONTRASTE","Angio-TC Pulmão (Vasos)","TC","Pulmão (Vasos)","SEM","","arterial","","SIM",""
"1136","ANGIO TC VENOSA PULMONAR C/C IONICO","Angio-TC Pulmão (Vasos)","TC","Pulmão (Vasos)","COM","","venoso","","SIM",""
"1137","ANGIO TC VENOSA PULMONAR C/C NAO IONICO","Angio-TC Pulmão (Vasos)","TC","Pulmão (Vasos)","COM","","venoso","","SIM",""
"1138","ANGIO TC VENOSA PULMONAR S/ CONTRASTE","Angio-TC Pulmão (Vasos)","TC","Pulmão (Vasos)","SEM","","venoso","","SIM",""
"1139","TC - ANGIOTOMOGRAFIA ARTERIAL PULMONAR (UNIMED) S/CONTRASTE","Angio-TC Pulmão (Vasos)","TC","Pulmão (Vasos)","SEM","","arterial","UNIMED","SIM",""
"1140","TC - ANGIOTOMOGRAFIA ARTERIAL PULMONAR C/C IONICO (UNIMED)","Angio-TC Pulmão (Vasos)","TC","Pulmão (Vasos)","COM","","arterial","UNIMED","SIM",""
"1141","TC - ANGIOTOMOGRAFIA ARTERIAL PULMONAR C/C NAO IONICO (UNIMED)","Angio-TC Pulmão (Vasos)","TC","Pulmão (Vasos)","COM","","arterial","UNIMED","SIM",""
"1142","TC - ANGIOTOMOGRAFIA VENOSA PULMONAR (UNIMED) S/ CONTRASTE","Angio-TC Pulmão (Vasos)","TC","Pulmão (Vasos)","SEM","","venoso","UNIMED","SIM",""
"1143","TC - ANGIOTOMOGRAFIA VENOSA PULMONAR C/C IONICO (UNIMED)","Angio-TC Pulmão (Vasos)","TC","Pulmão (Vasos)","COM","","venoso","UNIMED","SIM",""
"1144","TC - ANGIOTOMOGRAFIA VENOSA PULMONAR C/C NAO IONICO (UNIMED)","Angio-TC Pulmão (Vasos)","TC","Pulmão (Vasos)","COM","","venoso","UNIMED","SIM",""
"1145","TC ANGIOTOMOGRAFIA ARTERIAL PULMONAR COM CONTRASTE","Angio-TC Pulmão (Vasos)","TC","Pulmão (Vasos)","COM","","arterial","","SIM",""
"1146","TC ANGIOTOMOGRAFIA VENOSA PULMONAR COM CONTRASTE","Angio-TC Pulmão (Vasos)","TC","Pulmão (Vasos)","COM","","venoso","","SIM",""
"1147","ANGIOTOMO SEM CONTRASTE","Angio-TC Qualquer Segmento","TC","Qualquer Segmento","SEM","","","","SIM",""
"1148","TC - ANGIOTOMOGRAFIA C/C IONICO","Angio-TC Qualquer Segmento","TC","Qualquer Segmento","COM","","","","SIM",""
"1149","TC - ANGIOTOMOGRAFIA C/C NÃO IONICO","Angio-TC Qualquer Segmento","TC","Qualquer Segmento","COM","","","","SIM",""
"1150","TC - ANGIOTOMOGRAFIA S/ CONTRASTE","Angio-TC Qualquer Segmento","TC","Qualquer Segmento","SEM","","","","SIM",""
"1151","TC ANGIOGRAFIA C/C IONICO","Angio-TC Qualquer Segmento","TC","Qualquer Segmento","COM","","","","SIM",""
"1152","TC ANGIOGRAFIA C/C NÃO IONICO","Angio-TC Qualquer Segmento","TC","Qualquer Segmento","COM","","","","SIM",""
"1153","TC ANGIOGRAFIA S/ CONTRASTE","Angio-TC Qualquer Segmento","TC","Qualquer Segmento","SEM","","","","SIM",""
"1154","ANGIO TC ARTERIAL TORAX C/C NÃO IONICO","Angio-TC Tórax","TC","Tórax","COM","","arterial","","SIM",""
"1155","ANGIO TC ARTERIAL TORAX S/ CONTRASTE","Angio-TC Tórax","TC","Tórax","SEM","","arterial","","SIM",""
"1156","ANGIOTOMO TORAX S/ CONTRASTE","Angio-TC Tórax","TC","Tórax","SEM","","","","SIM",""
"1157","TC - ANGIOTOMOGRAFIA ARTERIAL DE TORAX (UNIMED) S/CONTRASTE","Angio-TC Tórax","TC","Tórax","SEM","","arterial","UNIMED","SIM",""
"1158","TC - ANGIOTOMOGRAFIA ARTERIAL DE TORAX C/C IONICO (UNIMED)","Angio-TC Tórax","TC","Tórax","COM","","arterial","UNIMED","SIM",""
"1159","TC - ANGIOTOMOGRAFIA ARTERIAL DE TORAX C/C NAO IONICO (UNIMED)","Angio-TC Tórax","TC","Tórax","COM","","arterial","UNIMED","SIM",""
"1160","TC - ANGIOTOMOGRAFIA VENOSA DE TORAX (UNIMED) S/ CONTRASTE","Angio-TC Tórax","TC","Tórax","SEM","","venoso","UNIMED","SIM",""
"1161","TC - ANGIOTOMOGRAFIA VENOSA DE TORAX C/C IONICO (UNIMED)","Angio-TC Tórax","TC","Tórax","COM","","venoso","UNIMED","SIM",""
"1162","TC - ANGIOTOMOGRAFIA VENOSA DE TORAX C/C NAO IONICO","Angio-TC Tórax","TC","Tórax","COM","","venoso","","SIM",""
"1163","TC - ANGIOTOMOGRAFIA VENOSA DE TORAX C/C NAO IONICO (UNIMED)","Angio-TC Tórax","TC","Tórax","COM","","venoso","UNIMED","SIM",""
"1164","TC ANGIO ARTERIAL DE TORAX C/C IONICO","Angio-TC Tórax","TC","Tórax","COM","","arterial","","SIM",""
"1165","TC ANGIO ARTERIAL DE TORAX C/C NAO IONICO","Angio-TC Tórax","TC","Tórax","COM","","arterial","","SIM",""
"1166","TC ANGIO ARTERIAL DE TORAX S/ CONTRASTE","Angio-TC Tórax","TC","Tórax","SEM","","arterial","","SIM",""
"1167","TC ANGIO VENOSA DE TORAX C/C IONICO","Angio-TC Tórax","TC","Tórax","COM","","venoso","","SIM",""
"1168","TC ANGIO VENOSA DE TORAX C/C NAO IONICO","Angio-TC Tórax","TC","Tórax","COM","","venoso","","SIM",""
"1169","TC ANGIO VENOSA DE TORAX S/ CONTRASTE","Angio-TC Tórax","TC","Tórax","SEM","","venoso","","SIM",""
"1170","TC ANGIOTOMOGRAFIA ARTERIAL DE TORAX COM CONTRASTE","Angio-TC Tórax","TC","Tórax","COM","","arterial","","SIM",""
"1171","TC ANGIOTOMOGRAFIA VENOSA DE TÓRAX COM CONTRASTE","Angio-TC Tórax","TC","Tórax","COM","","venoso","","SIM",""
"1172","TC ATM (BILATERAL) (ARTICULACAO TEMPOROMANDIBULAR)","TC ATM (Mandíbula)","TC","ATM (Mandíbula)","NAO_INFORMADO","BILATERAL","","","SIM","contraste não informado no nome"
"1173","TC ATM C/C IONICO","TC ATM (Mandíbula)","TC","ATM (Mandíbula)","COM","","","","SIM",""
"1174","TC ATM C/C NAO IONICO","TC ATM (Mandíbula)","TC","ATM (Mandíbula)","COM","","","","SIM",""
"1175","TC ATM COM CONTRASTE (BILATERAL) (ARTICULACAO TEMPOROMANDIBULAR)","TC ATM (Mandíbula)","TC","ATM (Mandíbula)","COM","BILATERAL","","","SIM",""
"1176","TC ATM S/ CONTRASTE","TC ATM (Mandíbula)","TC","ATM (Mandíbula)","SEM","","","","SIM",""
"1177","TC FACE SEIOS FACE ATM CC IONICO","TC ATM (Mandíbula)","TC","ATM (Mandíbula)","COM","","","","SIM",""
"1178","TC FACE SEIOS FACE ATM CC NAO IONICO","TC ATM (Mandíbula)","TC","ATM (Mandíbula)","COM","","","","SIM",""
"1179","TC FACE SEIOS FACE ATM S CONTRASTE","TC ATM (Mandíbula)","TC","ATM (Mandíbula)","SEM","","","","SIM",""
"1180","TC ABDOMEN SUPERIOR","TC Abdome Superior","TC","Abdome Superior","NAO_INFORMADO","","","","SIM","contraste não informado no nome"
"1181","TC ABDOMEN SUPERIOR C/C IONICO","TC Abdome Superior","TC","Abdome Superior","COM","","","","SIM",""
"1182","TC ABDOMEN SUPERIOR C/C NAO IONICO","TC Abdome Superior","TC","Abdome Superior","COM","","","","SIM",""
"1183","TC ABDOMEN SUPERIOR COM CONTRASTE","TC Abdome Superior","TC","Abdome Superior","COM","","","","SIM",""
"1184","TC ABDOMEN SUPERIOR S/ CONTRASTE","TC Abdome Superior","TC","Abdome Superior","SEM","","","","SIM",""
"1185","TC ABDOME TOTAL (ABDOME SUPERIOR,PELVE E RETROPERITONIO)","TC Abdome Total","TC","Abdome Total","NAO_INFORMADO","","","","SIM","contraste não informado no nome"
"1186","TC ABDOME TOTAL COM CONTRASTE (ABD SUP., PELVE E RETRO)","TC Abdome Total","TC","Abdome Total","COM","","","","SIM",""
"1187","TC ABDOMEN TOTAL C/C IONICO","TC Abdome Total","TC","Abdome Total","COM","","","","SIM",""
"1188","TC ABDOMEN TOTAL CC NAO IONICO","TC Abdome Total","TC","Abdome Total","COM","","","","SIM",""
"1189","TC ABDOMEN TOTAL S/ CONTRASTE","TC Abdome Total","TC","Abdome Total","SEM","","","","SIM",""
"1190","TC ANTEBRAÇO DIREITO (SEG. APENDICULAR)","TC Antebraço","TC","Antebraço","NAO_INFORMADO","DIREITO","","","SIM","contraste não informado no nome"
"1191","TC ANTEBRAÇO DIREITO COM CONTRASTE (SEG. APENDICULAR)","TC Antebraço","TC","Antebraço","COM","DIREITO","","","SIM",""
"1192","TC ANTEBRAÇO ESQUERDO (SEG. APENDICULAR)","TC Antebraço","TC","Antebraço","NAO_INFORMADO","ESQUERDO","","","SIM","contraste não informado no nome"
"1193","TC ANTEBRAÇO ESQUERDO COM CONTRASTE (SEG. APENDICULAR)","TC Antebraço","TC","Antebraço","COM","ESQUERDO","","","SIM",""
"1194","TC ARTICULACOES C/C IONICO","TC Articulação","TC","Articulação","COM","","","","SIM",""
"1195","TC ARTICULACOES C/C NAO IONICO","TC Articulação","TC","Articulação","COM","","","","SIM",""
"1196","TC ARTICULACOES S/ CONTRASTE","TC Articulação","TC","Articulação","SEM","","","","SIM",""
"1197","TC BACIA","TC Bacia / Pelve","TC","Bacia / Pelve","NAO_INFORMADO","","","","SIM","contraste não informado no nome"
"1198","TC BACIA COM CONTRASTE","TC Bacia / Pelve","TC","Bacia / Pelve","COM","","","","SIM",""
"1199","TC PELVE COM CONTRASTE","TC Bacia / Pelve","TC","Bacia / Pelve","COM","","","","SIM",""
"1200","TC PELVE OU BACIA C/C IONICO","TC Bacia / Pelve","TC","Bacia / Pelve","COM","","","","SIM",""
"1201","TC PELVE OU BACIA C/C NAO IONICO","TC Bacia / Pelve","TC","Bacia / Pelve","COM","","","","SIM",""
"1202","TC PELVE OU BACIA S/ CONTRASTE","TC Bacia / Pelve","TC","Bacia / Pelve","SEM","","","","SIM",""
"1203","TC BRAÇO DIREITO (SEG. APENDICULAR)","TC Braço","TC","Braço","NAO_INFORMADO","DIREITO","","","SIM","contraste não informado no nome"
"1204","TC BRAÇO DIREITO COM CONTRASTE (SEG. APENDICULAR)","TC Braço","TC","Braço","COM","DIREITO","","","SIM",""
"1205","TC BRAÇO ESQUERDO (SEG. APENDICULAR)","TC Braço","TC","Braço","NAO_INFORMADO","ESQUERDO","","","SIM","contraste não informado no nome"
"1206","TC BRAÇO ESQUERDO COM CONTRASTE (SEG. APENDICULAR)","TC Braço","TC","Braço","COM","ESQUERDO","","","SIM",""
"1207","TC ART. MEMBROS SUPERIORES C/C IONICO","TC Braço (Membro Superior)","TC","Braço (Membro Superior)","COM","","","","SIM",""
"1208","TC ART. MEMBROS SUPERIORES C/C NAO IONICO","TC Braço (Membro Superior)","TC","Braço (Membro Superior)","COM","","","","SIM",""
"1209","TC ART. MEMBROS SUPERIORES S/ CONTRASTE","TC Braço (Membro Superior)","TC","Braço (Membro Superior)","SEM","","","","SIM",""
"1210","TC CC CD OU LOMBAR 1 SEG CC IONICO","TC Coluna","TC","Coluna","COM","","1 segmento","","SIM",""
"1211","TC CC CD OU LOMBAR 1 SEG CC NAO IONICO","TC Coluna","TC","Coluna","COM","","1 segmento","","SIM",""
"1212","TC CC CD OU LOMBAR 1 SEG S CONTRASTE","TC Coluna","TC","Coluna","SEM","","1 segmento","","SIM",""
"1213","TC CC CD OU LOMBAR ATE 3 SEG CC IONICO","TC Coluna","TC","Coluna","COM","","","","SIM",""
"1214","TC CC CD OU LOMBAR ATE 3 SEG CC NAO IONICO","TC Coluna","TC","Coluna","COM","","","","SIM",""
"1215","TC CC CD OU LOMBAR ATE 3 SEG S CONTRASTE","TC Coluna","TC","Coluna","SEM","","","","SIM",""
"1216","TC COLUNA  SEGMENTO ADICIONAL","TC Coluna","TC","Coluna","NAO_INFORMADO","","","","SIM","contraste não informado no nome"
"1217","TC COLUNA - SEGMENTO ADICIONAL","TC Coluna","TC","Coluna","NAO_INFORMADO","","","","SIM","contraste não informado no nome"
"1218","TC SEGMENTO ADICIONAL COLUNA","TC Coluna","TC","Coluna","NAO_INFORMADO","","","","SIM","contraste não informado no nome"
"1219","TOMOMIELOGRAFIA ATE 3 SEG","TC Coluna (Mielografia)","TC","Coluna (Mielografia)","NAO_INFORMADO","","","","SIM","contraste não informado no nome"
"1220","TC COLUNA CERVICAL","TC Coluna Cervical","TC","Coluna Cervical","NAO_INFORMADO","","","","SIM","contraste não informado no nome"
"1221","TC COLUNA CERVICAL C/C IONICO","TC Coluna Cervical","TC","Coluna Cervical","COM","","","","SIM",""
"1222","TC COLUNA CERVICAL C/C NAO IONICO","TC Coluna Cervical","TC","Coluna Cervical","COM","","","","SIM",""
"1223","TC COLUNA CERVICAL COM CONTRASTE","TC Coluna Cervical","TC","Coluna Cervical","COM","","","","SIM",""
"1224","TC COLUNA CERVICAL S/ CONTRASTE","TC Coluna Cervical","TC","Coluna Cervical","SEM","","","","SIM",""
"1225","TC COLUNA LOMBAR (LOMBOSSACRA/SACROCOCCIX)","TC Coluna Lombar","TC","Coluna Lombar","NAO_INFORMADO","","","","SIM","contraste não informado no nome"
"1226","TC COLUNA LOMBAR C/C IONICO","TC Coluna Lombar","TC","Coluna Lombar","COM","","","","SIM",""
"1227","TC COLUNA LOMBAR C/C NAO IONICO","TC Coluna Lombar","TC","Coluna Lombar","COM","","","","SIM",""
"1228","TC COLUNA LOMBAR COM CONTRASTE (LOMBOSSACRA/SACROCOCCIX)","TC Coluna Lombar","TC","Coluna Lombar","COM","","","","SIM",""
"1229","TC COLUNA LOMBAR S/ CONTRASTE","TC Coluna Lombar","TC","Coluna Lombar","SEM","","","","SIM",""
"1230","TC COLUNA DORSAL","TC Coluna Torácica","TC","Coluna Torácica","NAO_INFORMADO","","","","SIM","contraste não informado no nome"
"1231","TC COLUNA DORSAL COM CONTRASTE","TC Coluna Torácica","TC","Coluna Torácica","COM","","","","SIM",""
"1232","TC COLUNA TORACICA C/C IONICO","TC Coluna Torácica","TC","Coluna Torácica","COM","","","","SIM",""
"1233","TC COLUNA TORACICA C/C NÃO IONICO","TC Coluna Torácica","TC","Coluna Torácica","COM","","","","SIM",""
"1234","TC COLUNA TORACICA S/ CONTRASTE","TC Coluna Torácica","TC","Coluna Torácica","SEM","","","","SIM",""
"1235","TC CORACAO - ESCORE CALCIO C/ C NAO IONICO","TC Coração","TC","Coração","COM","","","","SIM",""
"1236","TC CORACAO - ESCORE DE CALCIO","TC Coração","TC","Coração","NAO_INFORMADO","","","","SIM","contraste não informado no nome"
"1237","TC COTOVELO DIREITO COM CONTRASTE - (ARTICULAÇAO)","TC Cotovelo","TC","Cotovelo","COM","DIREITO","","","SIM",""
"1238","TC COTOVELO DIREITO- (ARTICULAÇAO)","TC Cotovelo","TC","Cotovelo","NAO_INFORMADO","DIREITO","","","SIM","contraste não informado no nome"
"1239","TC COTOVELO ESQUERDO - (ARTICULAÇAO)","TC Cotovelo","TC","Cotovelo","NAO_INFORMADO","ESQUERDO","","","SIM","contraste não informado no nome"
"1240","TC COTOVELO ESQUERDO COM CONTRASTE - (ARTICULAÇAO)","TC Cotovelo","TC","Cotovelo","COM","ESQUERDO","","","SIM",""
"1241","TC COXA DIREITA (FEMUR) (SEG. APENDICULAR)","TC Coxa","TC","Coxa","NAO_INFORMADO","DIREITO","","","SIM","contraste não informado no nome"
"1242","TC COXA DIREITA (FEMUR) COM CONTRASTE (SEG. APENDICULAR)","TC Coxa","TC","Coxa","COM","DIREITO","","","SIM",""
"1243","TC COXA ESQUERDA (FEMUR) (SEG. APENDICULAR)","TC Coxa","TC","Coxa","NAO_INFORMADO","ESQUERDO","","","SIM","contraste não informado no nome"
"1244","TC COXA ESQUERDA (FEMUR) COM CONTRASTE (SEG. APENDICULAR)","TC Coxa","TC","Coxa","COM","ESQUERDO","","","SIM",""
"1245","TC CRANIO (ENCEFALO)","TC Crânio","TC","Crânio","NAO_INFORMADO","","","","SIM","contraste não informado no nome"
"1246","TC CRANIO C VOLUMETRIA HIPOCAMPAL","TC Crânio","TC","Crânio","NAO_INFORMADO","","","","SIM","contraste não informado no nome"
"1247","TC CRANIO COM CONTRASTE (ENCEFALO)","TC Crânio","TC","Crânio","COM","","","","SIM",""
"1248","TC CRANIO RECURSO","TC Crânio","TC","Crânio","NAO_INFORMADO","","","","SIM","contraste não informado no nome"
"1249","TC CRANIO, ORBITAS OU SELA TURCICA CC IONICO","TC Crânio","TC","Crânio","COM","","","","SIM",""
"1250","TC CRANIO, ORBITAS OU SELA TURCICA CC NAO IONICO","TC Crânio","TC","Crânio","COM","","","","SIM",""
"1251","TC CRANIO, ORBITAS OU SELA TURCICA S CONTRASTE","TC Crânio","TC","Crânio","SEM","","","","SIM",""
"1252","TC DINAMICA C/C IONICO","TC Dinâmica","TC","Dinâmica","COM","","","","SIM",""
"1253","TC DINAMICA C/C NAO IONICO","TC Dinâmica","TC","Dinâmica","COM","","","","SIM",""
"1254","TC DINAMICA S/ CONTRASTE","TC Dinâmica","TC","Dinâmica","SEM","","","","SIM",""
"1255","TC ESTERNOCLAVICULAR - (ARTICULACAO)","TC Esternoclavicular","TC","Esternoclavicular","NAO_INFORMADO","","","","SIM","contraste não informado no nome"
"1256","TC ESTERNOCLAVICULAR COM CONTRASTE - (ARTICULAÇAO)","TC Esternoclavicular","TC","Esternoclavicular","COM","","","","SIM",""
"1257","TC FACE","TC Face / Seios da Face","TC","Face / Seios da Face","NAO_INFORMADO","","","","SIM","contraste não informado no nome"
"1258","TC FACE COM CONTRASTE","TC Face / Seios da Face","TC","Face / Seios da Face","COM","","","","SIM",""
"1259","TC FACE SEIOS DA  FACE CC IONICO","TC Face / Seios da Face","TC","Face / Seios da Face","COM","","","","SIM",""
"1260","TC FACE SEIOS DA  FACE CC NÃO IONICO","TC Face / Seios da Face","TC","Face / Seios da Face","COM","","","","SIM",""
"1261","TC FACE SEIOS DA  FACE S CONTRASTE","TC Face / Seios da Face","TC","Face / Seios da Face","SEM","","","","SIM",""
"1262","TC SEIOS DA FACE","TC Face / Seios da Face","TC","Face / Seios da Face","NAO_INFORMADO","","","","SIM","contraste não informado no nome"
"1263","TC SEIOS DA FACE COM CONTRASTE","TC Face / Seios da Face","TC","Face / Seios da Face","COM","","","","SIM",""
"1264","TOMO CONE BEAM FACE","TC Face / Seios da Face","TC","Face / Seios da Face","NAO_INFORMADO","","","","SIM","contraste não informado no nome"
"1265","TOMO FACE","TC Face / Seios da Face","TC","Face / Seios da Face","NAO_INFORMADO","","","","SIM","contraste não informado no nome"
"1266","ENTEROTOMOGRAFIA C/C IONICO","TC Intestino (Entero)","TC","Intestino (Entero)","COM","","","","SIM",""
"1267","ENTEROTOMOGRAFIA C/C NÃO IONICO","TC Intestino (Entero)","TC","Intestino (Entero)","COM","","","","SIM",""
"1268","TC ENTERO (INTESTINO) COM CONTRASTE","TC Intestino (Entero)","TC","Intestino (Entero)","COM","","","","SIM",""
"1269","TC JOELHO COM PROTOCOLO DE LYON","TC Joelho","TC","Joelho","NAO_INFORMADO","","","","SIM","contraste não informado no nome"
"1270","TC JOELHO COM PROTOCOLO DE LYON C/CONTRASTE","TC Joelho","TC","Joelho","COM","","","","SIM",""
"1271","TC JOELHO DIREITO (ARTICULAÇAO)","TC Joelho","TC","Joelho","NAO_INFORMADO","DIREITO","","","SIM","contraste não informado no nome"
"1272","TC JOELHO DIREITO COM CONTRASTE - (ARTICULAÇAO)","TC Joelho","TC","Joelho","COM","DIREITO","","","SIM",""
"1273","TC JOELHO ESQUERDO (ARTICULAÇAO)","TC Joelho","TC","Joelho","NAO_INFORMADO","ESQUERDO","","","SIM","contraste não informado no nome"
"1274","TC JOELHO ESQUERDO COM CONTRASTE - (ARTICULAÇAO)","TC Joelho","TC","Joelho","COM","ESQUERDO","","","SIM",""
"1275","TC SEGM. APENDICULARES C/C IONICO","TC Membros (Braço ou Perna)","TC","Membros (Braço ou Perna)","COM","","","","SIM",""
"1276","TC SEGM. APENDICULARES C/C NAO IONICO","TC Membros (Braço ou Perna)","TC","Membros (Braço ou Perna)","COM","","","","SIM",""
"1277","TC SEGM. APENDICULARES S/ CONTRASTE","TC Membros (Braço ou Perna)","TC","Membros (Braço ou Perna)","SEM","","","","SIM",""
"1278","TC ESCANOMETRIA DIGITAL","TC Membros Inferiores (Escanometria)","TC","Membros Inferiores (Escanometria)","NAO_INFORMADO","","","","SIM","contraste não informado no nome"
"1279","TC MAO DIREITA (SEG. APENDICULAR)","TC Mão","TC","Mão","NAO_INFORMADO","DIREITO","","","SIM","contraste não informado no nome"
"1280","TC MAO DIREITA COM CONTRASTE (SEG. APENDICULAR)","TC Mão","TC","Mão","COM","DIREITO","","","SIM",""
"1281","TC MAO ESQUERDA (SEG. APENDICULAR)","TC Mão","TC","Mão","NAO_INFORMADO","ESQUERDO","","","SIM","contraste não informado no nome"
"1282","TC MAO ESQUERDA COM CONTRASTE (SEG. APENDICULAR)","TC Mão","TC","Mão","COM","ESQUERDO","","","SIM",""
"1283","TC MANDIBULA","TC Odontológica","TC","Odontológica","NAO_INFORMADO","","","","SIM","contraste não informado no nome"
"1284","TC MANDIBULA C/C N IONICO","TC Odontológica","TC","Odontológica","COM","","","","SIM",""
"1285","TC MANDIBULA COM CONTRASTE","TC Odontológica","TC","Odontológica","COM","","","","SIM",""
"1286","TC MANDIBULA S CONTRASTE","TC Odontológica","TC","Odontológica","SEM","","","","SIM",""
"1287","TC MAXILA","TC Odontológica","TC","Odontológica","NAO_INFORMADO","","","","SIM","contraste não informado no nome"
"1288","TC MAXILA CC NAO IONICO","TC Odontológica","TC","Odontológica","COM","","","","SIM",""
"1289","TOMO CONE BEAM DUAS ARCADAS","TC Odontológica","TC","Odontológica","NAO_INFORMADO","","","","SIM","contraste não informado no nome"
"1290","TOMO CONE BEAM MANDIBULA OU MAXILA","TC Odontológica","TC","Odontológica","NAO_INFORMADO","","","","SIM","contraste não informado no nome"
"1291","TOMO CONE BEAM UNITARIA (ATE 4 ELEMENTOS)","TC Odontológica","TC","Odontológica","NAO_INFORMADO","","","","SIM","contraste não informado no nome"
"1292","TOMO ELEMENTO","TC Odontológica","TC","Odontológica","NAO_INFORMADO","","","","SIM","contraste não informado no nome"
"1293","TOMO MANDIBULA","TC Odontológica","TC","Odontológica","NAO_INFORMADO","","","","SIM","contraste não informado no nome"
"1294","TOMO MAXILA","TC Odontológica","TC","Odontológica","NAO_INFORMADO","","","","SIM","contraste não informado no nome"
"1295","TOMOGRAFIA CONE BEAM ATÉ 2 DENTES","TC Odontológica","TC","Odontológica","NAO_INFORMADO","","","","SIM","contraste não informado no nome"
"1296","TOMOGRAFIA CONE BEAM POR FEIXE CONICO","TC Odontológica","TC","Odontológica","NAO_INFORMADO","","","","SIM","contraste não informado no nome"
"1297","TC OMBRO DIREITO (ARTICULAÇAO)","TC Ombro","TC","Ombro","NAO_INFORMADO","DIREITO","","","SIM","contraste não informado no nome"
"1298","TC OMBRO DIREITO COM CONTRASTE - (ARTICULAÇAO)","TC Ombro","TC","Ombro","COM","DIREITO","","","SIM",""
"1299","TC OMBRO ESQUERDO (ARTICULAÇAO)","TC Ombro","TC","Ombro","NAO_INFORMADO","ESQUERDO","","","SIM","contraste não informado no nome"
"1300","TC OMBRO ESQUERDO COM CONTRASTE - (ARTICULAÇAO)","TC Ombro","TC","Ombro","COM","ESQUERDO","","","SIM",""
"1301","TC CAI - (OUVIDOS / MASTÓIDES / ROCHEDOS)","TC Ouvidos (Ossos Temporais)","TC","Ouvidos (Ossos Temporais)","NAO_INFORMADO","","","","SIM","contraste não informado no nome"
"1302","TC CAI COM CONTRASTE - (OUVIDOS / MASTÓIDES / ROCHEDOS)","TC Ouvidos (Ossos Temporais)","TC","Ouvidos (Ossos Temporais)","COM","","","","SIM",""
"1303","TC MASTOIDES OU ORELHAS BILATERAL","TC Ouvidos (Ossos Temporais)","TC","Ouvidos (Ossos Temporais)","NAO_INFORMADO","BILATERAL","","","SIM","contraste não informado no nome"
"1304","TC MASTOIDES OU ORELHAS BILATERAL COM CONTRASTE","TC Ouvidos (Ossos Temporais)","TC","Ouvidos (Ossos Temporais)","COM","BILATERAL","","","SIM",""
"1305","TC MASTOIDES OU OUVIDOS CC IONICO","TC Ouvidos (Ossos Temporais)","TC","Ouvidos (Ossos Temporais)","COM","","","","SIM",""
"1306","TC MASTOIDES OU OUVIDOS CC NAO IONICO","TC Ouvidos (Ossos Temporais)","TC","Ouvidos (Ossos Temporais)","COM","","","","SIM",""
"1307","TC MASTOIDES OU OUVIDOS S CONTRASTE","TC Ouvidos (Ossos Temporais)","TC","Ouvidos (Ossos Temporais)","SEM","","","","SIM",""
"1308","TC PERNA DIREITA (SEG. APENDICULAR)","TC Perna","TC","Perna","NAO_INFORMADO","DIREITO","","","SIM","contraste não informado no nome"
"1309","TC PERNA DIREITA COM CONTRASTE - (SEG. APENDICULAR)","TC Perna","TC","Perna","COM","DIREITO","","","SIM",""
"1310","TC PERNA ESQUERDA (SEG. APENDICULAR)","TC Perna","TC","Perna","NAO_INFORMADO","ESQUERDO","","","SIM","contraste não informado no nome"
"1311","TC PERNA ESQUERDA COM CONTRASTE - (SEG. APENDICULAR)","TC Perna","TC","Perna","COM","ESQUERDO","","","SIM",""
"1312","TC ART. MEMBROS INFERIORES C/C IONICO","TC Perna (Membro Inferior)","TC","Perna (Membro Inferior)","COM","","","","SIM",""
"1313","TC ART. MEMBROS INFERIORES C/C NAO IONICO","TC Perna (Membro Inferior)","TC","Perna (Membro Inferior)","COM","","","","SIM",""
"1314","TC ART. MEMBROS INFERIORES S/ CONTRASTE","TC Perna (Membro Inferior)","TC","Perna (Membro Inferior)","SEM","","","","SIM",""
"1315","TC PESCOCO (PARTES MOLES) C/C IONICO","TC Pescoço","TC","Pescoço","COM","","","","SIM",""
"1316","TC PESCOCO (PARTES MOLES) C/C NAO IONICO","TC Pescoço","TC","Pescoço","COM","","","","SIM",""
"1317","TC PESCOCO (PARTES MOLES) S/ CONTRASTE","TC Pescoço","TC","Pescoço","SEM","","","","SIM",""
"1318","TC PESCOÇO (NASO,LARIN,TIRE,TRAQ,RINO,PARAT)","TC Pescoço","TC","Pescoço","NAO_INFORMADO","","","","SIM","contraste não informado no nome"
"1319","TC PESCOÇO COM CONTRASTE (NASO,LARIN,TIRE,TRAQ,RINO,PARAT)","TC Pescoço","TC","Pescoço","COM","","","","SIM",""
"1320","TC PUNHO DIREITO (ARTICULAÇAO)","TC Punho","TC","Punho","NAO_INFORMADO","DIREITO","","","SIM","contraste não informado no nome"
"1321","TC PUNHO DIREITO COM CONTRASTE - (ARTICULAÇAO)","TC Punho","TC","Punho","COM","DIREITO","","","SIM",""
"1322","TC PUNHO ESQUERDO (ARTICULAÇAO)","TC Punho","TC","Punho","NAO_INFORMADO","ESQUERDO","","","SIM","contraste não informado no nome"
"1323","TC PUNHO ESQUERDO COM CONTRASTE - (ARTICULAÇAO)","TC Punho","TC","Punho","COM","ESQUERDO","","","SIM",""
"1324","TC PE DIREITO (SEG. APENDICULAR)","TC Pé","TC","Pé","NAO_INFORMADO","DIREITO","","","SIM","contraste não informado no nome"
"1325","TC PE DIREITO COM CONTRASTE - (SEG. APENDICULAR)","TC Pé","TC","Pé","COM","DIREITO","","","SIM",""
"1326","TC PE ESQUERDO (SEG. APENDICULAR)","TC Pé","TC","Pé","NAO_INFORMADO","ESQUERDO","","","SIM","contraste não informado no nome"
"1327","TC PE ESQUERDO COM CONTRASTE - (SEG. APENDICULAR)","TC Pé","TC","Pé","COM","ESQUERDO","","","SIM",""
"1328","TC PELVE (PUBIS/SINFISE PUBICA)","TC Púbis","TC","Púbis","NAO_INFORMADO","","","","SIM","contraste não informado no nome"
"1329","TC COXOFEMORAL DIREITO (QUADRIL) (ARTICULAÇAO)","TC Quadril","TC","Quadril","NAO_INFORMADO","DIREITO","","","SIM","contraste não informado no nome"
"1330","TC COXOFEMORAL DIREITO COM CONTRASTE (QUADRIL) - (ARTICULAÇAO)","TC Quadril","TC","Quadril","COM","DIREITO","","","SIM",""
"1331","TC COXOFEMORAL ESQUERDA (QUADRIL) (ARTICULAÇAO)","TC Quadril","TC","Quadril","NAO_INFORMADO","ESQUERDO","","","SIM","contraste não informado no nome"
"1332","TC COXOFEMORAL ESQUERDA COM CONTRASTE (QUADRIL) - (ARTICULAÇAO)","TC Quadril","TC","Quadril","COM","ESQUERDO","","","SIM",""
"1333","TC SACROCOCCIX","TC Sacro e Cóccix","TC","Sacro e Cóccix","NAO_INFORMADO","","","","SIM","contraste não informado no nome"
"1334","TC SACROILIACA BILATERAL (ARTICULAÇÃO)","TC Sacro e Cóccix","TC","Sacro e Cóccix","NAO_INFORMADO","BILATERAL","","","SIM","contraste não informado no nome"
"1335","TC SACROILIACA BILATERAL COM CONTRASTE (ARTICULAÇÃO )","TC Sacro e Cóccix","TC","Sacro e Cóccix","COM","BILATERAL","","","SIM",""
"1336","TC SELA TURCICA","TC Sela Túrcica","TC","Sela Túrcica","NAO_INFORMADO","","","","SIM","contraste não informado no nome"
"1337","TC SELA TURCICA C/C IONICO","TC Sela Túrcica","TC","Sela Túrcica","COM","","","","SIM",""
"1338","TC SELA TURCICA C/C NAO IONICO","TC Sela Túrcica","TC","Sela Túrcica","COM","","","","SIM",""
"1339","TC SELA TURCICA COM CONTRASTE","TC Sela Túrcica","TC","Sela Túrcica","COM","","","","SIM",""
"1340","TC SELA TURCICA S/ CONTRASTE","TC Sela Túrcica","TC","Sela Túrcica","SEM","","","","SIM",""
"1341","TC TORNOZELO DIREITO (ARTICULAÇAO)","TC Tornozelo","TC","Tornozelo","NAO_INFORMADO","DIREITO","","","SIM","contraste não informado no nome"
"1342","TC TORNOZELO DIREITO COM CONTRASTE (ARTICULAÇAO)","TC Tornozelo","TC","Tornozelo","COM","DIREITO","","","SIM",""
"1343","TC TORNOZELO ESQUERDO (ARTICULAÇAO)","TC Tornozelo","TC","Tornozelo","NAO_INFORMADO","ESQUERDO","","","SIM","contraste não informado no nome"
"1344","TC TORNOZELO ESQUERDO COM CONTRASTE (ARTICULAÇAO)","TC Tornozelo","TC","Tornozelo","COM","ESQUERDO","","","SIM",""
"1345","TC TORAX (ESTERNO)","TC Tórax","TC","Tórax","NAO_INFORMADO","","","","SIM","contraste não informado no nome"
"1346","TC TORAX + ESCORE CALCIO","TC Tórax","TC","Tórax","NAO_INFORMADO","","","","SIM","contraste não informado no nome"
"1347","TC TORAX CC IONICO","TC Tórax","TC","Tórax","COM","","","","SIM",""
"1348","TC TORAX CC NAO IONICO","TC Tórax","TC","Tórax","COM","","","","SIM",""
"1349","TC TORAX COM CONTRASTE (ESTERNO)","TC Tórax","TC","Tórax","COM","","","","SIM",""
"1350","TC TORAX S CONTRASTE","TC Tórax","TC","Tórax","SEM","","","","SIM",""
"1351","TC ORBITA BILATERAL","TC Órbitas / Olhos","TC","Órbitas / Olhos","NAO_INFORMADO","BILATERAL","","","SIM","contraste não informado no nome"
"1352","TC ORBITA BILATERAL COM CONTRASTE","TC Órbitas / Olhos","TC","Órbitas / Olhos","COM","BILATERAL","","","SIM",""
"1353","ACOMPANHAMENTO ANESTESICO","","INTERNO","","","","","","NAO",""
"1354","CONTROLE SEMESTRAL SALUTE","","INTERNO","","","","","","NAO",""
"1355","DISCREPANCIA DE MODELO","","INTERNO","","","","","","NAO",""
"1356","FLUXO LIQUORICO (COMPLEMENTO)","","INTERNO","","","","","","NAO",""
"1357","FOTO SALUTE (8 FOTOS)","","INTERNO","","","","","","NAO",""
"1358","FOTOS (CADA)","","INTERNO","","","","","","NAO",""
"1359","INCIDENCIA ADICIONAL","","INTERNO","","","","","","NAO",""
"1360","INCIDENCIA ADICIONAL CRANIO OU FACE","","INTERNO","Crânio","","","","","NAO",""
"1361","INCIDENCIA ADICIONAL DE COLUNA","","INTERNO","Coluna","","","","","NAO",""
"1362","INCIDENCIA ADICIONAL MAO","","INTERNO","Mão","","","","","NAO",""
"1363","INCIDENCIA ADICIONAL MEMBRO INFERIOR","","INTERNO","Perna (Membro Inferior)","","","","","NAO",""
"1364","INCIDENCIA ADICIONAL MEMBRO SUPERIOR","","INTERNO","Braço (Membro Superior)","","","","","NAO",""
"1365","INCIDENCIA ADICIONAL PE/TORNOZELO","","INTERNO","Tornozelo","","","","","NAO",""
"1366","MODELOS DE ESTUDO OU TRABALHO","","INTERNO","","","","","","NAO",""
"1367","PERSONALIZADO 1","","INTERNO","","","","","","NAO",""
"1368","PERSONALIZADO 2","","INTERNO","","","","","","NAO",""
"1369","TAXA DE SALA - 1H","","INTERNO","","","","","","NAO",""
"1370","TESTE DE TEMPO","","INTERNO","","","","","","NAO",""
"1371","Z*ECO OBSTETRICA GEMELAR 3D/4D 2º FETO","","INTERNO","Obstétrica (Gestação)","","","3D/4D, gemelar","","NAO",""
"1372","Z*RX PATELA ESQUERDA (3) - (JOELHO/ROTULA - AP/P/AXIAL)","","INTERNO","Joelho","","ESQUERDO","","","NAO",""
"1373","INCIDENCIA ADICIONAL - MAMOGRAFIA","Mamografia","MAMOGRAFIA","","","","","","NAO",""
"1374","LEVANTAMENTO RADIOGRÁFICO","Odontologia: Levantamento Radiográfico","ODONTOLOGIA","Odontológica","","","","","NAO",""
"1375","RM FLUXO LIQUORICO (INCLUIR EXAME BASE)","","RM","","NAO_INFORMADO","","","","NAO",""
"1376","RM RECONSTRUCAO TRIDIMENCIONAL - ACESC. EXAME BASE","","RM","","NAO_INFORMADO","","","","NAO",""
"1377","RM SEQUENCIA PARA FUSÃO","","RM","","NAO_INFORMADO","","","","NAO",""
"1378","RM CRANIO COM FLUXO LIQUORICO","RM Crânio","RM","Crânio","NAO_INFORMADO","","","","NAO",""
"1379","RX BACIA (INC ADICIONAL)","RX Bacia / Pelve","RX","Bacia / Pelve","","","","","NAO",""
"1380","RX INCIDENCIA ADICIONAL DE COLUNA","RX Coluna","RX","Coluna","","","","","NAO",""
"1381","RX COLUNA CERVICAL (INC ADICIONAL)","RX Coluna Cervical","RX","Coluna Cervical","","","","","NAO",""
"1382","RX COLUNA LOMBAR (INC ADICIONAL)","RX Coluna Lombar","RX","Coluna Lombar","","","","","NAO",""
"1383","RX COLUNA DORSAL (INC ADICIONAL)","RX Coluna Torácica","RX","Coluna Torácica","","","","","NAO",""
"1384","RX ARCOS COSTAIS (INC ADICIONAL)","RX Costelas","RX","Costelas","","","","","NAO",""
"1385","RX COTOVELO (INC ADICIONAL) - OBL ROT. INT OU EXT., CC, OBL","RX Cotovelo","RX","Cotovelo","COM","","","","NAO",""
"1386","RX COXA - (INC ADICIONAL)","RX Coxa","RX","Coxa","","","","","NAO",""
"1387","RX INCIDENCIA ADICIONAL DE CRANIO OU FACE","RX Crânio","RX","Crânio","","","","","NAO",""
"1388","RX DEDO MAO (QUIRODACTILO) (INC ADICIONAL)","RX Dedo da Mão","RX","Dedo da Mão","","","","","NAO",""
"1389","RX DEDO PE (PODODACTILO) (INC ADICIONAL)","RX Dedo do Pé","RX","Dedo do Pé","","","","","NAO",""
"1390","RX SEIOS DA FACE (PARANASAIS) - (INC ADICIONAL)","RX Face / Seios da Face","RX","Face / Seios da Face","","","","","NAO",""
"1391","RX INCIDENCIA ADICIONAL DE JOELHO","RX Joelho","RX","Joelho","","","","","NAO",""
"1392","RX JOELHO (INC ADICIONAL)","RX Joelho","RX","Joelho","","","","","NAO",""
"1393","RX PATELA  (INC ADICIONAL) AXIAL 30º OU 60º OU 90º","RX Joelho","RX","Joelho","","","","","NAO",""
"1394","RX MAO (INC ADICIONAL)","RX Mão","RX","Mão","","","","","NAO",""
"1395","RX CLAVICULA (INC ADICIONAL)","RX Ombro","RX","Ombro","","","","","NAO",""
"1396","RX OMBRO (ART. ESCAPULOUMERAL) (INC ADICIONAL) - ROT. EXT OU INT","RX Ombro","RX","Ombro","","","","","NAO",""
"1397","RX CAI E MASTOIDES (INC ADICIONAL)","RX Ouvidos (Ossos Temporais)","RX","Ouvidos (Ossos Temporais)","","","","","NAO",""
"1398","RX PERNA (TIBIOFIBULAR) (INC ADICIONAL)","RX Perna","RX","Perna","","","","","NAO",""
"1399","RX INCIDENCIA ADICIONAL DE MEMBRO INFERIOR","RX Perna (Membro Inferior)","RX","Perna (Membro Inferior)","","","","","NAO",""
"1400","RX ANTEPE (INC ADICIONAL) - P","RX Pé","RX","Pé","","","","","NAO",""
"1401","RX CALCANEO (INC ADICIONAL)","RX Pé","RX","Pé","","","","","NAO",""
"1402","RX PE (INC ADICIONAL) - CARGA OU AXIAL SESAMÓIDE","RX Pé","RX","Pé","","","","","NAO",""
"1403","RX COXOFEMORAL (QUADRIL) - (INC ADICIONAL) - DL","RX Quadril","RX","Quadril","","","","","NAO",""
"1404","RX TORNOZELO (INC ADICIONAL) - (ARTICULACAO TIBIOTARSICA) OBL","RX Tornozelo","RX","Tornozelo","","","","","NAO",""
"1405","RX INCIDENCIA ADICIONAL TORAX","RX Tórax","RX","Tórax","","","","","NAO",""
"1406","TC RECONSTRUCAO TRIDIMENCIONAL - ACRESC. EXAME BASE","","TC","","NAO_INFORMADO","","","","NAO",""
"1407","TC COL SEG ADIC RECURSO","TC Coluna","TC","Coluna","NAO_INFORMADO","","","","NAO",""
"1408","TC INCIDENCIA ADICIONAL DE COLUNA S/ CONTRASTE","TC Coluna","TC","Coluna","SEM","","","","NAO",""
